species_1,species_2,n,mean,q5,q95,robust
Archaludon,Grimmsnarl,495,0.09494049380131314,0.0029246117006545345,0.20619274361731843,True
Kingambit,Sneasler,567,0.09081651405465291,0.018970367134227333,0.17181218848519933,True
Kingambit,Sinistcha,388,0.08936620848688794,0.018993409353959084,0.17022982745148882,True
Eternal Flower Floette,Kingambit,571,0.07984412789331818,0.006914419520915609,0.1622922305014393,True
Gengar,Grimmsnarl,32,0.07882905924297695,-0.02748126374204017,0.2044237534432178,False
Sinistcha,Tyranitar,136,0.078426083205878,-0.012736299581356044,0.19431050544008263,False
Gholdengo,Tyranitar,42,0.07599968793708094,-0.01440269284461407,0.19687430957647983,False
Blaziken,Kingambit,199,0.07484597217721566,-0.01383298647218212,0.1762874895412897,False
Gholdengo,Scovillain,45,0.07397630909203856,-0.023241737062603383,0.20682706821365165,False
Charizard,Hydreigon,161,0.07002828335408927,-0.01617920322921217,0.1750198558482947,False
Blaziken,Sinistcha,54,0.07001445618964273,-0.020606096632643095,0.1740014694874469,False
Milotic,Sinistcha,187,0.0696775761107946,-0.018639299298453427,0.17625669194636498,False
Charizard,Garchomp,1567,0.0680285299277421,-0.005255622275229144,0.16009918441672186,False
Eternal Flower Floette,Whimsicott,517,0.0655388319240203,-0.0020716329269083234,0.14942524418051534,False
Alolan Ninetales,Sinistcha,82,0.06549665665758513,-0.02193299737127644,0.16881091994914715,False
Grimmsnarl,Swampert,469,0.0654188237912384,-0.01677315963289337,0.1585570941573314,False
Gengar,Swampert,40,0.06513278190618245,-0.030657174418904545,0.1872537386538518,False
Sableye,Sinistcha,188,0.06504449925586506,-0.03187817261328284,0.18122855114699182,False
Archaludon,Gengar,61,0.06469539030637254,-0.03451519859124798,0.1820607729141385,False
Garchomp,Hydreigon,145,0.06439997347455552,-0.012210329855761388,0.16724789852832847,False
Farigiraf,Sylveon,602,0.06215207866786182,-0.0004992466696063164,0.1397891135452293,False
Kingambit,Tyranitar,14,0.06214100895319451,-0.03885719477569929,0.17116711849544952,False
Grimmsnarl,Pelipper,525,0.061715672540959755,-0.021633569385655724,0.15555418319064937,False
Gengar,Politoed,91,0.06110715229029207,-0.04011421341630328,0.18951652016878265,False
Scovillain,Tyranitar,33,0.06014109135281384,-0.03505199032643969,0.1809333135564889,False
Gengar,Vivillon,28,0.05874473984759875,-0.04236619298365676,0.1874161256080239,False
Charizard,Farigiraf,507,0.05626617051965632,-0.015617865776998937,0.13865809341597957,False
Alolan Ninetales,Snorlax,20,0.05592808130426603,-0.04488865219893664,0.18551761860930632,False
Eternal Flower Floette,Sinistcha,490,0.05469809474500664,-0.024285227716689773,0.14137422114629206,False
Scovillain,Sinistcha,11,0.05432487089158146,-0.0459414265427404,0.17057677313474734,False
Eternal Flower Floette,Sneasler,324,0.05277947522321286,-0.028742490985415703,0.14007198174328966,False
Charizard,Kangaskhan,18,0.05173652465736724,-0.03866314345197763,0.1644495309173298,False
Alolan Ninetales,Kingambit,120,0.05165339386816724,-0.03399134331212217,0.14728976457190016,False
Sneasler,Wash Rotom,89,0.05146156682359347,-0.026522299771834804,0.14619697814363677,False
Eternal Flower Floette,Tyranitar,15,0.05119277528574133,-0.04712686984200662,0.16598652496063857,False
Archaludon,Politoed,95,0.051161267109418915,-0.0458556155282721,0.1653151889569073,False
Charizard,Sylveon,659,0.05013367113869034,-0.01644403438925345,0.12597790412846352,False
Alolan Ninetales,Blaziken,78,0.049949602714741345,-0.036867421384375064,0.1537093988517018,False
Charizard,Scrafty,18,0.049907039257810926,-0.03229680828734791,0.1566432303833815,False
Ceruledge,Sinistcha,133,0.04863656160412058,-0.04327003108986636,0.14883845828095954,False
Delphox,Sinistcha,355,0.04827435078563103,-0.0346740590112957,0.15318936598236715,False
Archaludon,Vivillon,19,0.048019924059430605,-0.05195846450198665,0.16137828194069226,False
Farigiraf,Pyroar,214,0.04787416547903263,-0.038048797001395865,0.1474381771903588,False
Gholdengo,Hydreigon,33,0.04713152969797884,-0.05239395577086603,0.16527943509618098,False
Gyarados,Kingambit,30,0.04706135147929274,-0.04940335709561253,0.15266661764220346,False
Gholdengo,Wash Rotom,40,0.047027629923187514,-0.04156457816841674,0.15349991825046888,False
Blaziken,Sneasler,23,0.04644293699258256,-0.03984473090599497,0.14716469384329972,False
Blaziken,Eternal Flower Floette,32,0.045622835544407526,-0.0493922518110953,0.14911874110594633,False
Annihilape,Farigiraf,17,0.04548013496558273,-0.04764389341714144,0.15267134087789944,False
Froslass,Sneasler,207,0.04547696177425999,-0.02712543582570988,0.1297289307211838,False
Ceruledge,Kingambit,24,0.04519145793174692,-0.048313389021716266,0.15208053686073428,False
Aerodactyl,Farigiraf,369,0.04491523950425695,-0.023410343170403032,0.12829193902843528,False
Garchomp,Gholdengo,370,0.04433091456802151,-0.033806355495733006,0.1374738218786007,False
Kingambit,Wash Rotom,47,0.04425150727235158,-0.04163247066761724,0.13856118238287596,False
Charizard,Mamoswine,42,0.0442487075234801,-0.051352745783913994,0.15586761920479789,False
Milotic,Tyranitar,23,0.043928862393751815,-0.042891656946283024,0.14747730190727715,False
Gholdengo,Kingambit,37,0.04344377166310258,-0.05416108586271329,0.14813987543762522,False
Sinistcha,Snorlax,20,0.0432701009099469,-0.0679725556575128,0.16618036252117593,False
Annihilape,Charizard,31,0.043213787808834406,-0.05367942420466619,0.15232432046802574,False
Gholdengo,Sneasler,74,0.04290802060569405,-0.05165364729771969,0.1544471734400949,False
Kingambit,Whimsicott,656,0.0424729862342694,-0.021643796378410303,0.11063683689729678,False
Charizard,Whimsicott,917,0.04240672528975933,-0.020778672453096256,0.1167609653802773,False
Grimmsnarl,Politoed,32,0.04183107113688529,-0.06221448130546583,0.15435294675834677,False
Gholdengo,Sinistcha,166,0.04163940083721725,-0.0459873469109759,0.14020436548700566,False
Farigiraf,Torkoal,508,0.041247195771868146,-0.03454871779493163,0.1301510064378768,False
Kingambit,Milotic,24,0.041132688429002855,-0.05131768600773571,0.13783797669889583,False
Basculegion,Eternal Flower Floette,611,0.04109855179206958,-0.019999982368385058,0.12189132665430519,False
Raichu,Sableye,29,0.0404063972757527,-0.04436851487613586,0.1456512210175413,False
Farigiraf,Scrafty,156,0.04010108679736012,-0.03557410474432037,0.12724821908951064,False
Kingambit,Lycanroc Dusk,93,0.03985979443507238,-0.050720861840885104,0.14175494201927744,False
Milotic,Scovillain,6,0.03952365702023746,-0.04884067078467113,0.1482729275063038,False
Politoed,Vivillon,20,0.03934495356830088,-0.05319340669133796,0.14742309296014855,False
Sneasler,Whimsicott,241,0.039134708551040925,-0.026269034225676217,0.11154173306941216,False
Hydreigon,Mamoswine,19,0.03902319461096607,-0.05132664404842983,0.1507562574735453,False
Primarina,Sinistcha,32,0.038693193356388635,-0.06298368348987202,0.14739710332479994,False
Gholdengo,Milotic,25,0.03841963427125142,-0.05252470540321782,0.14453201508223026,False
Farigiraf,Pelipper,104,0.03827458944749307,-0.0408023325897893,0.13010068159501445,False
Swampert,Vivillon,21,0.03786048557393797,-0.05023617259711746,0.14104378676868454,False
Grimmsnarl,Venusaur,128,0.03762458117468395,-0.03209167787617803,0.11607751186864945,False
Gardevoir,Sinistcha,37,0.037618482779825414,-0.06168956444779965,0.15104073465077134,False
Annihilape,Sylveon,14,0.037404019789160754,-0.04498320010948419,0.12965678064700387,False
Annihilape,Pelipper,17,0.037387044254020035,-0.04431508246522727,0.13590021232744007,False
Azumarill,Sinistcha,21,0.03722206722271424,-0.07134547115831491,0.16557689750942395,False
Kingambit,Snorlax,6,0.03706450709134468,-0.07767156590031363,0.15791937218365468,False
Froslass,Kingambit,209,0.0370189421057035,-0.04553949145463564,0.13355919650927617,False
Sinistcha,Staraptor,244,0.03692647991982184,-0.03925014413582598,0.13052670549714776,False
Floette,Kingambit,45,0.0364219197569394,-0.058724306436000885,0.13348466014858756,False
Aerodactyl,Sylveon,583,0.03624610346387373,-0.027477482237036187,0.11203575633543529,False
Gengar,Snorlax,29,0.036019778914438014,-0.08647834365427859,0.17678701097248717,False
Kingambit,Primarina,23,0.036003177867413194,-0.06228625131509007,0.140247811993192,False
Kingambit,Scovillain,102,0.03599332932720447,-0.06038792390045662,0.13748027555900297,False
Sinistcha,Toxapex,26,0.035908362647122875,-0.0643710083674208,0.14923798453872014,False
Kingambit,Toxapex,9,0.035770027399914285,-0.06971534023860358,0.15390250096295524,False
Floette,Gholdengo,11,0.035750021823063395,-0.05953862542496916,0.15324657235783817,False
Glimmora,Grimmsnarl,10,0.03572760549729172,-0.06270808201121239,0.15046816813115457,False
Archaludon,Sableye,278,0.03571580286871774,-0.054959889949117206,0.14500055542720797,False
Blaziken,Gholdengo,15,0.035591461897865634,-0.06775885324102178,0.15691208647190957,False
Annihilape,Grimmsnarl,33,0.0355580672772601,-0.05977755126282788,0.1440319066944811,False
Basculegion,Sneasler,367,0.035460337465133135,-0.022852927834692918,0.1089416676207948,False
Farigiraf,Kangaskhan,158,0.03513249294993828,-0.05221434872347092,0.12998154931383418,False
Lycanroc Dusk,Sneasler,84,0.03472706193794486,-0.044167471009892184,0.12553516945773316,False
Floette,Tyranitar,8,0.034666203154015536,-0.05644687276188627,0.13915209080855379,False
Farigiraf,Kommo-o,12,0.034609051102365423,-0.05372381485502793,0.1409047577010419,False
Pyroar,Scrafty,56,0.034289259521650045,-0.04718315943548201,0.1322062926553058,False
Pelipper,Swampert,1012,0.0342645655643178,-0.03950970929764832,0.11985117919999093,False
Blastoise,Delphox,87,0.03402334134473355,-0.04228055400368172,0.13410471695129447,False
Pelipper,Sylveon,63,0.033903899649452424,-0.04088045411813632,0.11913783186295629,False
Hydreigon,Mawile,28,0.03371182741283123,-0.0550792760198198,0.1414764210379463,False
Hydreigon,Sylveon,33,0.03353879367410598,-0.04438828245127919,0.12785332655509427,False
Politoed,Swampert,66,0.03329801844093906,-0.058917688978903926,0.13731531324361257,False
Blaziken,Wash Rotom,9,0.03320064427264659,-0.052069382031680905,0.13071238176623495,False
Kommo-o,Torkoal,10,0.03308761597109266,-0.04901305311022874,0.13609098738288067,False
Gyarados,Sinistcha,29,0.032833491292541955,-0.06791397194326633,0.14499407377944967,False
Scrafty,Sylveon,63,0.03283286800154747,-0.03504067681467262,0.11274610652338743,False
Gholdengo,Whimsicott,332,0.03277359143014817,-0.03449358027062631,0.11120150206699224,False
Gholdengo,Heat Rotom,9,0.03267809709179325,-0.06775776790156353,0.14684801034989445,False
Azumarill,Charizard,19,0.03264903399688491,-0.0690174891585161,0.154391742718551,False
Eternal Flower Floette,Milotic,86,0.03225672869716712,-0.052026892130713806,0.12438211122021628,False
Kangaskhan,Pyroar,21,0.032128214218664033,-0.06079447795711969,0.13829132728701984,False
Farigiraf,Hisuian Typhlosion,22,0.03196185139784578,-0.06052275038925859,0.13170108468362368,False
Mawile,Sylveon,32,0.03166926043263981,-0.042971879273949694,0.12032861238488218,False
Gardevoir,Kingambit,23,0.031206359252489015,-0.06961426088523366,0.14387381685936673,False
Eternal Flower Floette,Hisuian Arcanine,7,0.031202674474452508,-0.0640356884355292,0.14585822621310823,False
Charizard,Mawile,84,0.031171878838433198,-0.05367964678367359,0.12118059112580633,False
Ceruledge,Gardevoir,14,0.03093322117894819,-0.050992985391491615,0.131200928286702,False
Charizard,Gholdengo,151,0.03069107219388523,-0.05394476212712366,0.1279356289501383,False
Farigiraf,Gallade,57,0.030588009400253614,-0.05784406480944661,0.12991893445737082,False
Tyranitar,Wash Rotom,73,0.030378138289275575,-0.05496654711116642,0.1270734623644816,False
Kangaskhan,Mawile,71,0.030204316396293965,-0.05392531495806363,0.1263011305506354,False
Mawile,Scrafty,34,0.030174309995937242,-0.0500042226469095,0.11869078362038815,False
Aerodactyl,Torkoal,91,0.030048355974265507,-0.04071140769304123,0.11651865598613471,False
Mimikyu,Sinistcha,5,0.030041802241410395,-0.07905429539812142,0.146320452930335,False
Alolan Ninetales,Scovillain,15,0.03002685212579946,-0.07315706878379417,0.14345792539164,False
Hydreigon,Sneasler,90,0.029917447199598497,-0.05993660102605445,0.1338542519414699,False
Tyranitar,Whimsicott,37,0.029564787996189123,-0.045501594102153944,0.11444130745252376,False
Blastoise,Sinistcha,116,0.029426734525885047,-0.06082325527477572,0.13497563824587575,False
Scovillain,Sneasler,104,0.029381304845013362,-0.05824122721314731,0.12665790199624377,False
Froslass,Wash Rotom,32,0.029173900642248632,-0.046821549753386926,0.11630944449271326,False
Eternal Flower Floette,Scovillain,8,0.029154762023868967,-0.07113911424963801,0.14115757471548096,False
Dragapult,Sinistcha,18,0.028834784364214685,-0.07957997983787134,0.14654664786496935,False
Blaziken,Milotic,18,0.02877888538763055,-0.05972990099883806,0.12306399507639314,False
Floette,Sinistcha,41,0.028770156168108976,-0.060109100166760826,0.13154999391632216,False
Sneasler,Tyranitar,60,0.028747899170664972,-0.06393200733860904,0.12397837331316014,False
Eternal Flower Floette,Excadrill,8,0.02870208699944913,-0.06294871373966221,0.13702702575024434,False
Hydreigon,Wash Rotom,20,0.028471482935069643,-0.05882507240684165,0.13126084984444616,False
Eternal Flower Floette,Gholdengo,91,0.028411017999825722,-0.06766313553828661,0.12708707775752928,False
Archaludon,Swampert,970,0.028364761933314032,-0.056033763486576856,0.11231099857894365,False
Alolan Ninetales,Milotic,24,0.028337592996717828,-0.05515353485200259,0.12182125328958508,False
Mawile,Pyroar,22,0.028291543774430498,-0.059974674707142274,0.12489685703185748,False
Pelipper,Venusaur,172,0.02814765108499591,-0.03234443754743981,0.10094942436256793,False
Hydreigon,Whimsicott,88,0.027919133010800064,-0.04526948052822645,0.11016443806702313,False
Basculegion,Whimsicott,1083,0.027800253873887088,-0.020164491746374413,0.08560045293268345,False
Gyarados,Sneasler,20,0.02779358595550499,-0.0622487815184527,0.12454475495058287,False
Floette,Sneasler,31,0.0276739314687899,-0.060931642126301915,0.12461720925129674,False
Ceruledge,Eternal Flower Floette,71,0.02762257286790647,-0.06325797109841756,0.1198611431866694,False
Azumarill,Kingambit,5,0.027555081713941176,-0.08929658867518382,0.14552814273679393,False
Garchomp,Sylveon,718,0.027522198629305283,-0.03156997854476098,0.09426146776230701,False
Pyroar,Sylveon,44,0.027506506416484656,-0.05095289744268465,0.11854402061134894,False
Kangaskhan,Whimsicott,18,0.027342242850793338,-0.04738588754997783,0.11583131800648913,False
Azumarill,Kangaskhan,6,0.027123518192752372,-0.06855594863740098,0.1411069425126332,False
Eternal Flower Floette,Wash Rotom,31,0.027030810447772842,-0.06328727119417218,0.1252308695480936,False
Archaludon,Lopunny,7,0.02696150433288142,-0.07842116055586772,0.14645916762559075,False
Alolan Ninetales,Ceruledge,44,0.02676215976213465,-0.06609783681480678,0.13006547440293476,False
Eternal Flower Floette,Pyroar,80,0.026508250590547792,-0.06818662297881166,0.13237409297575867,False
Ceruledge,Milotic,115,0.026493579534137213,-0.0505499881532263,0.11617341258324176,False
Eternal Flower Floette,Gyarados,7,0.026476868630381453,-0.07111917089628461,0.12876735592007843,False
Ceruledge,Tyranitar,5,0.026415070280174677,-0.06855128234724267,0.13401497927192293,False
Grimmsnarl,Metagross,383,0.0262397183438632,-0.03832843348656992,0.09643682246440843,False
Gholdengo,Mamoswine,5,0.026037300190601166,-0.07566307286737294,0.1444906335461837,False
Heat Rotom,Tyranitar,26,0.026012666909478455,-0.06698536361605167,0.13312450453364494,False
Mawile,Sneasler,40,0.025915508896947784,-0.06758769754206924,0.13233694142070185,False
Pyroar,Raichu,5,0.025800896187998624,-0.05861640147256581,0.13029463202116132,False
Wash Rotom,Whimsicott,63,0.025709402137987968,-0.04131292647367331,0.1009540678043846,False
Kangaskhan,Sylveon,54,0.0256426086306998,-0.056135272941248586,0.10799534134213405,False
Primarina,Sableye,8,0.025627571323522193,-0.07503040674025585,0.13723089557156673,False
Mamoswine,Pyroar,31,0.0252840782378368,-0.06509934967030193,0.13427867911199753,False
Floette,Whimsicott,59,0.02511029316753384,-0.04284031419757619,0.10169671329525191,False
Sylveon,Torkoal,181,0.025108536124489805,-0.04857463501131483,0.10406527047919296,False
Garchomp,Kangaskhan,23,0.025085129886545966,-0.05526482131696959,0.11491225425100875,False
Garchomp,Mawile,111,0.025059612832292702,-0.053947528138893044,0.10557762239114274,False
Scrafty,Whimsicott,25,0.02471887696266649,-0.043507618690196356,0.10555040048009966,False
Alolan Ninetales,Toxapex,6,0.024713482837792358,-0.06489899825696059,0.13073539904353662,False
Hydreigon,Pelipper,44,0.024525465785352828,-0.06207435319915261,0.12006590668730219,False
Heat Rotom,Hydreigon,6,0.02451523728105403,-0.07089178019270212,0.1336337372392485,False
Annihilape,Hydreigon,6,0.024375874341768567,-0.07539543564449167,0.13039574606101745,False
Gallade,Torkoal,42,0.024340281194169967,-0.059628166592979745,0.11794192463699536,False
Garchomp,Scrafty,39,0.024198007325422086,-0.05232700640930375,0.1115305453548316,False
Houndstone,Tyranitar,48,0.02403703671197381,-0.0717657469873701,0.133749931511054,False
Kangaskhan,Scrafty,5,0.02396834890744002,-0.059963632746476765,0.11994307596688195,False
Metagross,Pelipper,374,0.02384184485478632,-0.033782613940276714,0.09389190525039014,False
Drampa,Grimmsnarl,6,0.023794925502710937,-0.08365273645835501,0.14018347025083014,False
Alolan Ninetales,Gengar,57,0.023786232083674426,-0.08076549933913435,0.14552359221887678,False
Mamoswine,Whimsicott,12,0.023707476689560112,-0.051227726778587335,0.11107857255095234,False
Annihilape,Garchomp,41,0.02365063037350962,-0.057098783832869975,0.10876950137876795,False
Dragalge,Grimmsnarl,17,0.023554369581189855,-0.09161613521047984,0.14389728499761084,False
Hisuian Typhlosion,Sylveon,5,0.02353669146192179,-0.06162538670688037,0.11659980834196355,False
Aerodactyl,Eternal Flower Floette,87,0.023486411848041074,-0.05868949034081869,0.11934654970929555,False
Annihilape,Torkoal,5,0.023470138817798275,-0.0665265300396363,0.12287109421912377,False
Basculegion,Charizard,824,0.023465688274953104,-0.033747454885162856,0.08625080408159233,False
Excadrill,Sinistcha,53,0.02343692395247354,-0.07428781280634138,0.1281124357496757,False
Pyroar,Whimsicott,137,0.02335395288087854,-0.0526171690858606,0.10965755324540982,False
Archaludon,Pelipper,1060,0.02327728447887404,-0.05675754729847124,0.10749748799768209,False
Glimmora,Scovillain,5,0.023224925448883996,-0.07152739127196861,0.12897692388026996,False
Klefki,Sinistcha,6,0.02318433967965025,-0.08666146893171318,0.1489336684306235,False
Maushold,Talonflame,26,0.023177795407086768,-0.047481176961990015,0.11126011549373098,False
Clefable,Kingambit,29,0.023138108977352186,-0.07647031215998286,0.1346871394785812,False
Alolan Ninetales,Delphox,26,0.02309386629434561,-0.06353306244205865,0.1219608016504131,False
Barbaracle,Sylveon,5,0.02298327171223591,-0.06119504338854532,0.11843067086628119,False
Eternal Flower Floette,Incineroar,516,0.02295404379132831,-0.03204739343371387,0.09021030189280169,False
Gallade,Mawile,43,0.022953056253191183,-0.06370838630226822,0.11976160431518681,False
Aerodactyl,Annihilape,15,0.022789780919068314,-0.06027422328265445,0.11500284908279872,False
Gardevoir,Talonflame,21,0.02270129604238388,-0.05286425357150193,0.11634697188610289,False
Charizard,Hisuian Typhlosion,10,0.022604062259104617,-0.0781713548566931,0.12778972829084506,False
Gallade,Pyroar,14,0.022574904583620353,-0.0666259477836281,0.12133377162352399,False
Metagross,Swampert,328,0.022517927735551932,-0.036536736915304305,0.09454666532165393,False
Charizard,Tsareena,9,0.022502266374324877,-0.06968079913227908,0.12564650232603283,False
Farigiraf,Raichu,86,0.022492983763833952,-0.05742134115691156,0.1159380146492361,False
Garchomp,Heat Rotom,76,0.02243877421290616,-0.05838971737036268,0.11303948324254726,False
Excadrill,Gholdengo,16,0.022360341055913276,-0.07037867048955286,0.12736943787106217,False
Mamoswine,Scrafty,39,0.02235413945519359,-0.062358118724044245,0.11702662085056077,False
Froslass,Hydreigon,32,0.022348115088711488,-0.07221093739014943,0.12396492966466095,False
Delphox,Gyarados,12,0.022209105354737524,-0.06099180728478823,0.12482851349745755,False
Hatterene,Kingambit,10,0.022208191674794663,-0.08544460390902327,0.1379581695639315,False
Blaziken,Gyarados,9,0.021994288939097606,-0.07816354849407363,0.12956867942218375,False
Grimmsnarl,Ninetales,9,0.02198376397703033,-0.08862470545990533,0.13611798369341696,False
Basculegion,Pyroar,119,0.02191329027613206,-0.04215603559609142,0.10037222065929732,False
Milotic,Sableye,9,0.021905026929961737,-0.06719738319327379,0.12067221919428915,False
Floette,Garchomp,44,0.021862210685998563,-0.05499935397893985,0.11643502759663281,False
Houndstone,Scovillain,15,0.021853845260038463,-0.07529613183232717,0.13372563641320476,False
Pyroar,Torkoal,127,0.021814600884423867,-0.05962661369654728,0.10988630870473363,False
Scrafty,Vileplume,42,0.021751021230920226,-0.05501685695334267,0.11349667735118328,False
Gardevoir,Maushold,35,0.0217308418391531,-0.05414776889328698,0.11859218247647207,False
Excadrill,Scovillain,25,0.02172539832089222,-0.0662081813830385,0.12454368952722683,False
Garchomp,Whimsicott,1281,0.021612562133449024,-0.03462155785664038,0.08563205615530187,False
Aerodactyl,Basculegion,292,0.021510988398989683,-0.03589755207712229,0.08942477185448389,False
Charizard,Eternal Flower Floette,428,0.02145974464000549,-0.053972053131739424,0.1031449102693982,False
Annihilape,Swampert,16,0.021403343198107647,-0.07075958237879862,0.12619715888558886,False
Mawile,Whimsicott,86,0.021304658684185265,-0.05147447926084146,0.0990662724956289,False
Staraptor,Tyranitar,52,0.021301868459779362,-0.05155929577594241,0.10781424846908516,False
Kingambit,Volcarona,10,0.021165502024657345,-0.08499728123282368,0.13630474436626677,False
Gholdengo,Glimmora,12,0.0211470284738298,-0.0835474173238225,0.13359219685600088,False
Aerodactyl,Sneasler,132,0.021110407522632775,-0.05310703071192099,0.10853181774724088,False
Froslass,Garchomp,145,0.021066148611777327,-0.05307352258611251,0.10323626265174585,False
Sneasler,Snorlax,8,0.020848471575742166,-0.08050642814037699,0.1270445999471246,False
Annihilape,Venusaur,8,0.02071804278810887,-0.05163349325187821,0.1071685885025349,False
Dragonite,Sableye,23,0.02066843635288694,-0.06608261766516274,0.12097696300118883,False
Alolan Ninetales,Dragonite,34,0.02066423939245441,-0.06408589619843316,0.11733478280540106,False
Gengar,Hawlucha,10,0.020556111603291054,-0.08953142831759904,0.146604641269381,False
Aerodactyl,Pelipper,18,0.02046257022613239,-0.05723331397201239,0.10826090220905935,False
Eternal Flower Floette,Kangaskhan,7,0.02038480080175134,-0.08084836289860155,0.13298031827992063,False
Mamoswine,Toxapex,29,0.020306639947578083,-0.06326136808311544,0.11906130476536167,False
Aerodactyl,Kommo-o,16,0.020129678657192396,-0.06147307350739309,0.11959161252128664,False
Sylveon,Vileplume,46,0.020124111866184645,-0.05460564625147526,0.10387854893820227,False
Sneasler,Volcarona,5,0.020099470230125097,-0.07410249194530215,0.12470394976475593,False
Grimmsnarl,Scovillain,33,0.020056785397793632,-0.08089618638514609,0.12806965351133018,False
Ceruledge,Gyarados,8,0.020056382481592343,-0.07162085674225327,0.11990591641695714,False
Delphox,Kingambit,221,0.01999908060655878,-0.06018635627237582,0.10359298221385473,False
Ceruledge,Floette,8,0.019989367867521673,-0.06228295968749525,0.11989698264056999,False
Malamar,Sylveon,6,0.019983240045286167,-0.06580007761763737,0.1141189589413973,False
Metagross,Venusaur,31,0.019965476694567195,-0.03287043979990701,0.08665501202786643,False
Sinistcha,Wash Rotom,91,0.019925605104564804,-0.07451945226800591,0.11646820406767,False
Dragonite,Eternal Flower Floette,10,0.019767475156954258,-0.06583895062724424,0.11731226731364282,False
Kommo-o,Vileplume,9,0.01974453831845296,-0.06373266484250315,0.1176749042975471,False
Gholdengo,Toxapex,12,0.01974284553296647,-0.08487341872441423,0.1312418888571624,False
Garchomp,Hisuian Typhlosion,37,0.01971270559527697,-0.06187101758947928,0.11126543604640866,False
Farigiraf,Hisuian Zoroark,5,0.01969910514561516,-0.07345294445185353,0.12737335484334555,False
Archaludon,Metagross,331,0.019658170661937556,-0.04624985814657009,0.09134054581143777,False
Farigiraf,Mawile,384,0.019588558630233063,-0.06015989463806354,0.09861955566511148,False
Eternal Flower Floette,Raichu,79,0.01954558995179383,-0.06598229943959119,0.11733355191197621,False
Raichu,Torkoal,6,0.019520509356946082,-0.06027005053086027,0.1131605054132063,False
Alolan Ninetales,Chandelure,5,0.019517186689805514,-0.08461709663191974,0.1307514182424257,False
Clefable,Eelektross,7,0.019443312854468656,-0.06977431162906882,0.12580152642386788,False
Abomasnow,Farigiraf,15,0.019396714086262583,-0.07742446323223098,0.12273943700764157,False
Alolan Ninetales,Sneasler,72,0.019360932233248817,-0.06360258093379634,0.10663696760413106,False
Archaludon,Venusaur,170,0.01930253178563362,-0.05097924697429143,0.09675465108730663,False
Garchomp,Meowscarada,26,0.019286502522986713,-0.0640800830405028,0.11340687187727674,False
Farigiraf,Kleavor,9,0.01926351997739474,-0.07697579335343678,0.12499075955531944,False
Hisuian Typhlosion,Torkoal,10,0.019208892475937794,-0.0662362794272923,0.11685974668426873,False
Alolan Ninetales,Gyarados,5,0.019141016890038564,-0.08005802086563274,0.125735059762837,False
Aerodactyl,Pyroar,21,0.019091123585148785,-0.06657770088538799,0.10901886243273277,False
Charizard,Meowscarada,14,0.018971275935691076,-0.07758622910194314,0.12896239595148665,False
Garchomp,Hisuian Samurott,34,0.01896670079484366,-0.06277392233135089,0.11044372594046878,False
Milotic,Staraptor,38,0.018943230980549012,-0.04760523515556605,0.09835046385304619,False
Gyarados,Whimsicott,15,0.018861467044942893,-0.056515084912859795,0.10080371221251878,False
Mawile,Torkoal,190,0.018794349053756418,-0.05932317101530137,0.10067967582712979,False
Blastoise,Staraptor,14,0.01877987534628109,-0.052599052535524195,0.10514776633173484,False
Delphox,Sableye,12,0.018658813809893208,-0.07542953483585965,0.12241687302822482,False
Corviknight,Whimsicott,17,0.01858003603149504,-0.053314069396278495,0.10013167085098701,False
Annihilape,Mawile,12,0.018578101426031,-0.07188212114564739,0.12123311662218124,False
Excadrill,Staraptor,41,0.01841967499410313,-0.04945213417596744,0.09846761846194821,False
Gengar,Maushold,13,0.018401885687083678,-0.08205638342906797,0.1272188291447164,False
Swampert,Sylveon,54,0.018366628189847613,-0.05953725720678742,0.10298425523289038,False
Houndstone,Wash Rotom,23,0.01821262326069851,-0.06741364104362765,0.11479051354358956,False
Sinistcha,Volcarona,10,0.01819254495659814,-0.08741948873726844,0.1302506535728053,False
Camerupt,Farigiraf,41,0.018154219229858572,-0.08002667934529553,0.11847174711703416,False
Hydreigon,Toxapex,119,0.01807802410285432,-0.0707690057057974,0.11243664918401286,False
Sinistcha,Weavile,14,0.018029714842565922,-0.08721223226061886,0.1296761916483885,False
Farigiraf,Vileplume,155,0.017858449735781042,-0.06175029064543202,0.10691844789376675,False
Aerodactyl,Charizard,512,0.01783154270656884,-0.05575080025691552,0.08794639531779869,False
Armarouge,Kingambit,7,0.01780809558119787,-0.0856306428866754,0.13658618869013978,False
Kangaskhan,Kommo-o,11,0.017769606417506925,-0.07925415421693488,0.11792472991176282,False
Hisuian Decidueye,Mawile,11,0.017753420916672796,-0.0728399674830783,0.12127307947359293,False
Chandelure,Milotic,7,0.01773070057804647,-0.07443204874218583,0.12129505220823535,False
Froslass,Gholdengo,23,0.017673615479052697,-0.0815993340882863,0.12598175637342393,False
Basculegion,Hydreigon,85,0.01766350626328337,-0.04970894969851904,0.0918850236209003,False
Gengar,Venusaur,5,0.017654152840211802,-0.06843593675093991,0.11130815309485395,False
Staraptor,Toxapex,18,0.01760017531312066,-0.0532452734007277,0.099393416535495,False
Farigiraf,Garchomp,562,0.017568517416247913,-0.048438963744326685,0.0845467939195862,False
Meganium,Sableye,16,0.01750606586233172,-0.07470635852717201,0.12293174339569718,False
Basculegion,Mawile,144,0.017488085925047914,-0.04506527699180705,0.08769456096977082,False
Aerodactyl,Whimsicott,35,0.017435546128593566,-0.051305937028695854,0.09193374676871306,False
Farigiraf,Mamoswine,40,0.017411853628995718,-0.07525931117877396,0.11370389418851733,False
Hisuian Arcanine,Whimsicott,31,0.01739328825357593,-0.05762249358770465,0.10167814140774421,False
Camerupt,Torkoal,7,0.017382387650853866,-0.0694869587076813,0.1142129686972124,False
Mawile,Vileplume,69,0.01735798114066741,-0.06768867993213058,0.11081285806924439,False
Grimmsnarl,Hydreigon,135,0.017309507233345577,-0.07495390071488377,0.1174835426869928,False
Kommo-o,Pelipper,6,0.01730170287127646,-0.07493001354066466,0.12023099633351544,False
Froslass,Toxapex,7,0.017291021154444246,-0.07148951113532653,0.11935109592018198,False
Gholdengo,Grimmsnarl,156,0.017263738091243673,-0.07216221899852276,0.11487167354840545,False
Swampert,Venusaur,141,0.017209296329505276,-0.04822190698604601,0.08992093605235052,False
Basculegion,Torkoal,122,0.017136535898490797,-0.04187129098800341,0.08709852115708375,False
Hawlucha,Politoed,7,0.017098242608624442,-0.0844182803878427,0.1266396148717621,False
Primarina,Scovillain,9,0.017067634103917276,-0.07845066114860622,0.12406196132045112,False
Kangaskhan,Torkoal,143,0.017043908669364182,-0.06547125548055148,0.10222354506877271,False
Houndstone,Hydreigon,17,0.017015780795406252,-0.08071789218968509,0.12756916025595633,False
Ampharos,Mawile,11,0.0169550184376504,-0.07454312079804148,0.11939695982107204,False
Sableye,Tyranitar,6,0.016940525497394224,-0.08465373499526399,0.1299053877354402,False
Basculegion,Venusaur,159,0.01688449464412278,-0.03450548823774478,0.08073503082222853,False
Pikachu,Sylveon,5,0.016868984269888875,-0.07322334115967423,0.10661749763108304,False
Azumarill,Delphox,11,0.01686523462918531,-0.07499814528668985,0.12889291441213444,False
Dragalge,Eelektross,6,0.016828986342920644,-0.08366984265811359,0.13338481426712026,False
Aerodactyl,Hisuian Typhlosion,8,0.016816760139302615,-0.06494825600944137,0.10748597481000523,False
Garchomp,Lucario,7,0.016793492353505753,-0.06428599564278424,0.10831822229233654,False
Garchomp,Tsareena,30,0.016733783713895806,-0.06284833524116311,0.10665996221280905,False
Pyroar,Staraptor,9,0.01673366046137276,-0.05692549781588736,0.1055505314845532,False
Gallade,Kangaskhan,25,0.016713291011425283,-0.07168960279499166,0.11186711772313448,False
Froslass,Lycanroc Dusk,82,0.016647468943248915,-0.062453032376460105,0.09951168610187826,False
Primarina,Raichu,10,0.01656282098423657,-0.06379281102916377,0.10844677719454883,False
Politoed,Snorlax,6,0.016509410554019447,-0.08961880190866056,0.13169484669968476,False
Clefable,Froslass,7,0.016484871919556686,-0.06655695969647005,0.10895365907857953,False
Aggron,Grimmsnarl,5,0.016409147893626134,-0.09288892208359917,0.13108997788227547,False
Azumarill,Garchomp,25,0.016388885148267217,-0.07644034088158963,0.11687171111902374,False
Basculegion,Kangaskhan,37,0.016359674934542406,-0.04983634572915887,0.09155767223031874,False
Heat Rotom,Mawile,5,0.016315625208752644,-0.07044191691656691,0.11231568278453864,False
Corviknight,Houndstone,20,0.01630457560253077,-0.067792979990239,0.11059666353343643,False
Abomasnow,Mawile,8,0.016258680142674488,-0.07668825114743616,0.11607103157988567,False
Incineroar,Sinistcha,991,0.01620695382774128,-0.0374044915834798,0.07242186939742766,False
Gholdengo,Staraptor,165,0.01616785458031587,-0.06257155924384597,0.10251759799246667,False
Camerupt,Staraptor,9,0.01613138893187814,-0.056630035879034014,0.1045722159138549,False
Charizard,Floette,40,0.016123444006859337,-0.07278945717844755,0.1114826823016091,False
Aerodactyl,Kangaskhan,15,0.016122725835899465,-0.06889570872952382,0.10505612803514255,False
Dragonite,Raichu,16,0.016118969640923547,-0.057984160242861245,0.10836182518182257,False
Clefable,Gyarados,11,0.016095695692243707,-0.06883394610511133,0.1129690632592619,False
Hydreigon,Tsareena,6,0.01606381750861473,-0.07481870234637601,0.12197241347968828,False
Tsareena,Whimsicott,26,0.01595972067613978,-0.06022153871562747,0.09783633907802622,False
Blaziken,Incineroar,36,0.015912988581162094,-0.037769450865756386,0.07631790068045542,False
Dragonite,Torkoal,10,0.015910536414596877,-0.062021673310966814,0.10422248141964227,False
Primarina,Sneasler,16,0.01589117352804922,-0.0763509144539268,0.10787214378281855,False
Annihilape,Archaludon,11,0.015879758387036872,-0.08995424684308666,0.1247741928613686,False
Pelipper,Pikachu,5,0.01582978843776319,-0.07769648824453991,0.11478130858867923,False
Gholdengo,Starmie,8,0.015787071949334514,-0.09323868936756384,0.13264908753217536,False
Annihilape,Pyroar,9,0.015557033076400719,-0.08211154668316668,0.12061659530903912,False
Hatterene,Sinistcha,6,0.015554052339122725,-0.09583785687548758,0.12918992474613025,False
Sableye,Staraptor,24,0.015524970877707227,-0.06480237318313198,0.1032944447937219,False
Maushold,Swampert,58,0.015470550309277882,-0.06418003387082977,0.10237964361011101,False
Incineroar,Kingambit,449,0.015358871105952288,-0.03911780802624836,0.07188533878366495,False
Incineroar,Primarina,34,0.015312219820213557,-0.035953711747893864,0.07621525669752674,False
Delphox,Milotic,10,0.015255468583418624,-0.06987003253572124,0.11205136046021975,False
Charizard,Pelipper,32,0.015231236395374794,-0.0752189583407844,0.10765477174840199,False
Basculegion,Wash Rotom,14,0.015213913211752228,-0.04981340104437446,0.09022962913544667,False
Blaziken,Whimsicott,72,0.01519894907584457,-0.05865648873709993,0.0927238815057788,False
Gallade,Scrafty,6,0.015180429901513191,-0.07285147348308604,0.1092801833914068,False
Scovillain,Whimsicott,15,0.015155060974012709,-0.06292629667271239,0.10068015029416193,False
Araquanid,Garchomp,6,0.014966660415552875,-0.06961984241093293,0.10951384372864546,False
Delphox,Maushold,115,0.014946040303682346,-0.06051557769484507,0.10840202212036452,False
Sneasler,Tsareena,17,0.014935332352991926,-0.07944063823724398,0.11021827549345488,False
Hisuian Arcanine,Sinistcha,6,0.014932179351780348,-0.09703534766667722,0.12827996915868162,False
Gardevoir,Milotic,10,0.014926444834041253,-0.06900392294115201,0.10757866125537136,False
Incineroar,Tyranitar,75,0.01488026740211958,-0.04074520854853703,0.07948296095471873,False
Lopunny,Tyranitar,5,0.014835086156708284,-0.0826046602710498,0.12605179223659377,False
Basculegion,Scrafty,21,0.01478085332275997,-0.044839535420903125,0.08186886934161154,False
Floette,Milotic,9,0.014710194986469255,-0.06806074687453412,0.10559000864189072,False
Gholdengo,Lycanroc Dusk,5,0.014706318035985953,-0.08459909872521937,0.11973834073926488,False
Corviknight,Sneasler,22,0.01467320962462673,-0.07584390877655897,0.1080911592768651,False
Aerodactyl,Raichu,34,0.014648778667241465,-0.06245136990485046,0.09727560144562693,False
Hisuian Samurott,Talonflame,9,0.014587648820315921,-0.06755369837915877,0.11448724669900918,False
Gardevoir,Tyranitar,8,0.01458543675878473,-0.08187009575931549,0.11747731268522545,False
Lycanroc Dusk,Whimsicott,8,0.01453354806224021,-0.06280481509535651,0.09516784378156151,False
Excadrill,Tyranitar,152,0.014527117819617583,-0.07533262302508005,0.10652110275768376,False
Bellibolt,Eelektross,5,0.014524083194077244,-0.0840347383234916,0.12393705862828469,False
Vanilluxe,Whimsicott,9,0.01450369051830829,-0.06330031566962975,0.1060029216589711,False
Mawile,Meowscarada,7,0.014371362874809447,-0.07537855312654948,0.10939201341987113,False
Excadrill,Milotic,14,0.01433048922759913,-0.06742976437602709,0.10180603169431181,False
Clefable,Sneasler,20,0.014302035121911664,-0.07881517430730063,0.1111230043976005,False
Delphox,Tyranitar,9,0.014268290252882508,-0.0773283904414091,0.11361145225920861,False
Aegislash,Sinistcha,16,0.014260750523519359,-0.09569091104547438,0.13266059054236864,False
Gardevoir,Sableye,6,0.014233982478490233,-0.08433876517742415,0.12000420177666896,False
Milotic,Whimsicott,49,0.014216919470039105,-0.057345516303410685,0.09121419325997752,False
Araquanid,Kangaskhan,5,0.01418716783705197,-0.0769976840393923,0.11323689703549693,False
Aerodactyl,Metagross,95,0.014143962273122802,-0.046301386720545595,0.08511999106352383,False
Kommo-o,Sylveon,19,0.014118866192114103,-0.06737569236097636,0.10088262050760557,False
Basculegion,Lycanroc Dusk,82,0.014038004994364308,-0.04780025305241844,0.08482006946644537,False
Mamoswine,Sylveon,9,0.014034821194527307,-0.07590058914773509,0.10526042208633075,False
Eelektross,Talonflame,15,0.013982491992351185,-0.07578993971987724,0.11175431807331682,False
Lycanroc Dusk,Sinistcha,9,0.013904993843834292,-0.09587812497362888,0.12649048051095996,False
Kingambit,Starmie,10,0.013902404883040693,-0.09343176450104636,0.12568773507205247,False
Hisuian Zoroark,Raichu,12,0.013865685020541273,-0.07265377925375618,0.11275537470077344,False
Kleavor,Whimsicott,7,0.013850509197850606,-0.06598717970251962,0.10408832599534631,False
Alolan Ninetales,Raichu,58,0.013828253422386264,-0.07136995861833362,0.10461620386238152,False
Gallade,Sylveon,6,0.013808216347693025,-0.07504330845115961,0.10016726889183518,False
Charizard,Vileplume,9,0.01379314162964129,-0.08435615152977995,0.11520866141183844,False
Ceruledge,Whimsicott,8,0.013783878872585607,-0.060732171567524626,0.09313405332088416,False
Metagross,Sylveon,113,0.013750067537968223,-0.044255776439390264,0.08260028753470647,False
Sinistcha,Whimsicott,167,0.013523841186363563,-0.059621283810713646,0.0852103547339576,False
Garchomp,Swampert,20,0.013522063879233288,-0.07085264532629212,0.10020504143884532,False
Archaludon,Scizor,20,0.013460241119554388,-0.08952960000244987,0.12830049614267525,False
Clawitzer,Kingambit,6,0.01341086472258829,-0.09958966877648506,0.12866482420892703,False
Gholdengo,Volcarona,8,0.013378856618778323,-0.09233420097728441,0.12508144833220763,False
Aerodactyl,Tsareena,27,0.013358663163388027,-0.0682299435333618,0.10195026902921188,False
Lopunny,Swampert,5,0.013339948678194127,-0.08221933773533194,0.11604361773311335,False
Mamoswine,Staraptor,6,0.013330534826215698,-0.0648769356436703,0.09882277309315979,False
Kingambit,Tsareena,13,0.013311979531049567,-0.08977154254335457,0.12086664820497593,False
Basculegion,Excadrill,23,0.01325876996061095,-0.04924605756304344,0.08647100450918675,False
Venusaur,Wash Rotom,34,0.013195853443320393,-0.052067672831779856,0.09169733424242628,False
Ceruledge,Incineroar,110,0.013177595307970594,-0.03612971859788924,0.0718040841834396,False
Meowstic,Sinistcha,5,0.013146925658279135,-0.09787958918410501,0.1318433063021989,False
Corviknight,Pyroar,7,0.013090581091723168,-0.07497264206546969,0.11503106976291844,False
Hisuian Arcanine,Kingambit,20,0.013031855690420984,-0.0928480810781556,0.11970563535036788,False
Kangaskhan,Pelipper,6,0.013028142601302776,-0.07846813361748192,0.10410249638914641,False
Froslass,Volcarona,7,0.013011751386538588,-0.07095309181086362,0.10509704534130342,False
Blastoise,Kingambit,90,0.01300938184605243,-0.07566260859603596,0.10424854455543534,False
Eelektross,Maushold,11,0.012962454846659371,-0.07360448786131675,0.10939887650601451,False
Heat Rotom,Kingambit,15,0.01295221534657705,-0.09559167182308453,0.1226709989054311,False
Farigiraf,Hydreigon,46,0.012911646266322095,-0.08073818314633016,0.1103871229426447,False
Pyroar,Vileplume,34,0.012905525464513248,-0.0766377222523084,0.10809584806567264,False
Araquanid,Gholdengo,6,0.012901682680917768,-0.0937700086403801,0.12480897349659398,False
Incineroar,Scovillain,14,0.01285928205774892,-0.04473907673266799,0.07782546934149549,False
Basculegion,Pelipper,304,0.012835857434071927,-0.04358942221801637,0.0800929133001704,False
Kleavor,Torkoal,9,0.01277491324660085,-0.0739703388585644,0.1117162450141284,False
Basculegion,Kingambit,904,0.012693398865677783,-0.040601803049538344,0.06795841977726792,False
Lucario,Meowscarada,10,0.01264872252698249,-0.07489003632414856,0.11370851115213874,False
Excadrill,Houndstone,42,0.012622054216379438,-0.07286392332668697,0.10769857932890364,False
Blaziken,Froslass,18,0.012575133327746508,-0.08057538582738005,0.10920179300080486,False
Basculegion,Raichu,232,0.01254091907147604,-0.04722515140002009,0.08252405748807827,False
Alolan Ninetales,Lycanroc Dusk,9,0.01252190246676326,-0.08165518828492951,0.11658806415997418,False
Primarina,Tyranitar,11,0.012455717303535032,-0.08623499321593195,0.11808775247837322,False
Sneasler,Toxapex,20,0.01240121703000071,-0.08888266352909834,0.11110487725446481,False
Overqwil,Sableye,8,0.012367804219231787,-0.08522071349908147,0.1153762134587375,False
Kommo-o,Metagross,19,0.01232335017145111,-0.05604681084379682,0.09013085246097269,False
Glimmora,Venusaur,10,0.012276559102513955,-0.05760795186087841,0.09167498224492268,False
Aegislash,Eternal Flower Floette,7,0.012256350946394932,-0.0885347164046825,0.12309635981843546,False
Garchomp,Mow Rotom,7,0.012196163246549716,-0.0726172248053469,0.1055654123123529,False
Annihilape,Basculegion,8,0.012141891427064127,-0.05608372945995353,0.08690119748928202,False
Dragapult,Kingambit,17,0.012099348359438315,-0.09330120807485874,0.11977786749897142,False
Basculegion,Farigiraf,319,0.01206912475912409,-0.04712726453674622,0.07402807558154113,False
Excadrill,Wash Rotom,43,0.012013653825943266,-0.06669869885198051,0.09664079667659585,False
Aerodactyl,Venusaur,58,0.011993481365202695,-0.05422610866780332,0.0897726309348363,False
Houndstone,Sinistcha,5,0.01196559828834337,-0.09722323886980336,0.13057559063371754,False
Archaludon,Staraptor,30,0.011908079034728125,-0.06635862350247092,0.10150584145744296,False
Hisuian Typhlosion,Whimsicott,50,0.011862757404197262,-0.06489940376499537,0.09426844189465534,False
Manectric,Sinistcha,6,0.0118619032077931,-0.10125280632662409,0.12952303049259828,False
Archaludon,Farigiraf,64,0.01183748557093594,-0.08005716811719524,0.10799276510994517,False
Alolan Ninetales,Eternal Flower Floette,26,0.011769908021234858,-0.08525021114585148,0.10725416906037728,False
Azumarill,Hydreigon,6,0.011765927696654936,-0.09937949847105738,0.12651540251758514,False
Charizard,Torkoal,21,0.011747571916706173,-0.0848762318278488,0.1032943599486848,False
Gengar,Heliolisk,5,0.01170194232332476,-0.0996344610447099,0.13367632692588274,False
Eternal Flower Floette,Staraptor,25,0.011688444371576767,-0.07080970648490514,0.10108664277907305,False
Corviknight,Wash Rotom,31,0.011687215367436108,-0.069028995156812,0.09957782724035226,False
Blaziken,Glimmora,7,0.011676106627802123,-0.08784903236394885,0.117677686491632,False
Kingambit,Sableye,32,0.011646274762852826,-0.09050342914191417,0.11106667866490491,False
Aromatisse,Farigiraf,6,0.011622622385937436,-0.0938643638498462,0.11671981715540865,False
Gardevoir,Snorlax,5,0.011614705350103083,-0.09664858856018818,0.12066780685629701,False
Basculegion,Mamoswine,17,0.01160484577012241,-0.058154433553358184,0.08591139743766356,False
Eternal Flower Floette,Scrafty,8,0.011590438150180822,-0.0832372280830359,0.10990601875242845,False
Incineroar,Milotic,199,0.01147204864629238,-0.038481226966727546,0.06809338655611986,False
Azumarill,Raichu,21,0.011469904858322612,-0.07798672566720731,0.1171815401054593,False
Dragonite,Snorlax,18,0.011444951096791776,-0.08139973882452835,0.1083317873625673,False
Heat Rotom,Sneasler,33,0.011421907370324695,-0.08369720031274239,0.11111390672191834,False
Lopunny,Pelipper,6,0.011410377703532648,-0.08023597419718397,0.10751363502305389,False
Mimikyu,Tyranitar,8,0.011399674689896347,-0.09322327967280518,0.12073831327495502,False
Aromatisse,Pelipper,6,0.011356479694197081,-0.0777104697257389,0.10856751514320016,False
Kommo-o,Venusaur,5,0.011348650047201097,-0.06671183175301211,0.09585517865688938,False
Kangaskhan,Meowscarada,7,0.011309424234276675,-0.0807444222819123,0.10954653168623632,False
Hisuian Arcanine,Sneasler,16,0.011294563486531479,-0.08205389864824693,0.10810960064319391,False
Froslass,Tsareena,6,0.011284633413810679,-0.07549722652702155,0.10094164445275945,False
Farigiraf,Swampert,76,0.011254637521987158,-0.07546799373275605,0.09890275963725721,False
Annihilape,Armarouge,5,0.011191280461800214,-0.08586778493868333,0.11547655667175481,False
Dragapult,Tyranitar,11,0.011190032072359255,-0.08940872418341213,0.12374329522406687,False
Farigiraf,Hydrapple,11,0.011184934268655283,-0.08811065279724069,0.11544937429501599,False
Clefable,Talonflame,6,0.011158870115369337,-0.07285033288201288,0.10359173843163492,False
Farigiraf,Talonflame,17,0.011152797418018844,-0.07920416535443632,0.10588734624226068,False
Charizard,Hisuian Samurott,26,0.011076216643407204,-0.0852352840027903,0.11568927030465945,False
Hydreigon,Swampert,37,0.011074081123116763,-0.08282445371497499,0.10888317927205017,False
Annihilape,Froslass,10,0.011066245907481882,-0.08242149927082644,0.11145093055524809,False
Annihilape,Gengar,5,0.010991436184204582,-0.10974429276327527,0.13644143080678814,False
Maushold,Tsareena,7,0.010865934531417732,-0.0689783189919587,0.10099916394559552,False
Gholdengo,Venusaur,32,0.010766148875035486,-0.06939987895594626,0.10278718058466846,False
Blastoise,Eternal Flower Floette,8,0.010755172443407977,-0.093259408674475,0.11506962057072959,False
Scrafty,Staraptor,42,0.010725625579748455,-0.05744671184353021,0.09054840160377285,False
Corviknight,Eternal Flower Floette,8,0.01069842603943451,-0.08490063161173823,0.1094520203601487,False
Incineroar,Snorlax,34,0.010696771235419006,-0.04741077877952508,0.07314779822406739,False
Camerupt,Sylveon,9,0.010688434424576248,-0.07685831368831617,0.1033294173624893,False
Lycanroc Dusk,Scovillain,78,0.010629144472061647,-0.07999385475451336,0.1034346926882753,False
Hydreigon,Tyranitar,46,0.010625989738686972,-0.08593565217681137,0.11461677988804253,False
Hydrapple,Mawile,7,0.010593406879199376,-0.07940800249740683,0.11044763987186532,False
Froslass,Heat Rotom,9,0.010587496851368706,-0.07499976074806679,0.10264849785424664,False
Azumarill,Incineroar,21,0.01049926891503552,-0.04382488628897519,0.07410971328500843,False
Dragonite,Sinistcha,64,0.010466987738701113,-0.08555203780863013,0.10845668486879743,False
Glimmora,Sinistcha,28,0.010463518796081303,-0.08949798961947875,0.11961494312495911,False
Maushold,Mawile,10,0.010394465849746619,-0.06946812018727588,0.10305191779725312,False
Aerodactyl,Mawile,32,0.01039184196756536,-0.07360745484325834,0.09059160285160935,False
Abomasnow,Torkoal,5,0.010372454326087337,-0.07553537442963554,0.10410116760804193,False
Hatterene,Tyranitar,5,0.010367932784413076,-0.09326430015094016,0.1191196375888363,False
Heat Rotom,Whimsicott,25,0.010365008819339832,-0.06745372140426809,0.0903970741748717,False
Basculegion,Dragonite,72,0.010332133302417754,-0.051423419693214886,0.07888138291203636,False
Pikachu,Swampert,5,0.01030149111561817,-0.08768544719056223,0.11557681787295752,False
Hisuian Typhlosion,Kleavor,5,0.010278999690883887,-0.08331475659157453,0.11185060906291423,False
Delphox,Staraptor,63,0.010262630538437567,-0.05898654792345094,0.0903085823460903,False
Pelipper,Scizor,20,0.010258538527694913,-0.0770065137280134,0.10203139564496502,False
Sylveon,Tsareena,11,0.010254982263532844,-0.0709406187440838,0.09411208330481588,False
Hisuian Zoroark,Sylveon,5,0.010229023128599357,-0.07462781388676744,0.09700285159879637,False
Dragonite,Scizor,8,0.01022205437163482,-0.06828407564373083,0.09880240886186416,False
Scovillain,Staraptor,8,0.010190329284871562,-0.07035459214698186,0.09513943382399496,False
Basculegion,Scovillain,115,0.01017947598643401,-0.05755361754492863,0.08993384984372318,False
Dragalge,Pelipper,9,0.01017800989306661,-0.08592202741764059,0.11166191552028379,False
Gholdengo,Incineroar,227,0.01017300750349075,-0.04758014562137036,0.07335618614603025,False
Grimmsnarl,Maushold,27,0.010147246099597433,-0.08272836109833966,0.10303124975864554,False
Kangaskhan,Raichu,24,0.010119857635658059,-0.07580578352537448,0.10909433241037951,False
Sinistcha,Sneasler,591,0.010100433108017608,-0.07477103665554496,0.08579910453119825,False
Raichu,Vanilluxe,11,0.010096170897095002,-0.07710350657730332,0.10721652861168873,False
Kangaskhan,Vileplume,54,0.010087148906063565,-0.07300646424766842,0.10100822965271528,False
Blastoise,Farigiraf,57,0.010068771175706908,-0.07373047073889485,0.10090734335195141,False
Bellibolt,Sinistcha,8,0.010067459835621927,-0.10248722265115429,0.12229899383558994,False
Sneasler,Venusaur,68,0.010057641449557201,-0.06051455994859122,0.08898308654301702,False
Basculegion,Hisuian Arcanine,30,0.010036908282315444,-0.05480791134265586,0.08066282613528561,False
Basculegion,Vileplume,13,0.010012317890068267,-0.05478140571945566,0.08669548206909633,False
Blastoise,Raichu,5,0.010003384824618185,-0.07910044260783541,0.1090347427828227,False
Froslass,Meowscarada,8,0.009988809934761525,-0.08263407028667517,0.10969842368939113,False
Froslass,Talonflame,32,0.009986757962738789,-0.07206693195371179,0.1015908410753634,False
Hisuian Typhlosion,Pikachu,5,0.009983742954478571,-0.08294992955677023,0.11400797478264477,False
Ninetales,Sinistcha,5,0.009966524117689148,-0.09899018629039665,0.12513209134644135,False
Excadrill,Sneasler,17,0.009950567630201019,-0.08844694098422223,0.10473333411796212,False
Gardevoir,Tsareena,9,0.009917729575817833,-0.07601821997163681,0.10117654390306831,False
Scrafty,Torkoal,132,0.009906007609070774,-0.06595443243834455,0.0866442652943227,False
Excadrill,Whimsicott,12,0.009877500643398787,-0.06647204775043461,0.0881792488507283,False
Aerodactyl,Scrafty,16,0.009777145576494254,-0.07517026817969673,0.08940474163817337,False
Hisuian Samurott,Sylveon,24,0.00971498769415396,-0.07167775711661145,0.09240334807055009,False
Aerodactyl,Froslass,37,0.009680144008854625,-0.06887971570156343,0.09569784482439722,False
Metagross,Sneasler,151,0.009668266844212481,-0.05717546486622449,0.08695237090155375,False
Altaria,Milotic,5,0.0096635673728552,-0.07824644570557111,0.10415504431051378,False
Milotic,Mimikyu,5,0.009565348038410994,-0.0804525788651883,0.10658435350003327,False
Froslass,Whimsicott,87,0.00955907323245105,-0.06245521726450489,0.07923936171854523,False
Heat Rotom,Sinistcha,30,0.009549566876682807,-0.09701361329906295,0.12161935819625738,False
Delphox,Toxapex,8,0.009420265794805538,-0.07871988948974115,0.1011463097288506,False
Incineroar,Vanilluxe,6,0.00939064539538431,-0.04260863305295285,0.06975888891363306,False
Charizard,Corviknight,9,0.00938630594988936,-0.09257951202650776,0.10870285753159739,False
Sinistcha,Slowbro,5,0.009285172990600898,-0.10346596463386995,0.1203288961579539,False
Basculegion,Corviknight,26,0.009283711180768095,-0.05583330033624965,0.07850466018043714,False
Meowscarada,Whimsicott,11,0.009282069517530469,-0.07097517559449765,0.09252214207203661,False
Floette,Incineroar,57,0.009271601362077631,-0.04415576442976337,0.065175456550863,False
Aerodactyl,Eelektross,7,0.009243189271816466,-0.0829000611605269,0.10409382605796556,False
Ceruledge,Talonflame,23,0.009226433698630394,-0.07570230939243795,0.10005154210820143,False
Kingambit,Vanilluxe,9,0.009225202658702714,-0.09718714106340905,0.11750385510246006,False
Aegislash,Archaludon,8,0.009213625482464462,-0.09522622821195,0.11792347974451771,False
Corviknight,Delphox,13,0.009206878131625731,-0.0752917274399685,0.1024282787477755,False
Basculegion,Kommo-o,27,0.009161406455540375,-0.058364433250048205,0.08872537286258987,False
Farigiraf,Whimsicott,295,0.00914400963112324,-0.05544326492208922,0.07954143941964087,False
Gallade,Talonflame,5,0.00910443321305651,-0.07673198144020114,0.10494406144685971,False
Beedrill,Rampardos,6,0.009032754123761023,-0.08666575007191843,0.11224065065723306,False
Hisuian Decidueye,Torkoal,7,0.009007994961289066,-0.0798849588566121,0.10485748257634613,False
Corviknight,Gardevoir,5,0.008999176874661056,-0.07487801089614515,0.10253198034966472,False
Appletun,Farigiraf,10,0.008928860242463272,-0.08990836822430308,0.11186482311576465,False
Incineroar,Whimsicott,400,0.008892302495271431,-0.03331513004398932,0.05615580852086538,False
Delphox,Sceptile,5,0.008829650781783249,-0.07374256456495575,0.10449419464401297,False
Blastoise,Torkoal,37,0.008829038779983858,-0.07251123755509009,0.10365933454105425,False
Charizard,Lucario,8,0.008827960511428557,-0.08957785237683832,0.11364601056485557,False
Ceruledge,Sneasler,37,0.008805387327965679,-0.08212750992243625,0.09972485332938652,False
Charizard,Froslass,15,0.008787291703019702,-0.08747723114487183,0.11129882597598721,False
Hydreigon,Mow Rotom,5,0.008781443980171279,-0.09238502166138014,0.11152943510172342,False
Sinistcha,Starmie,5,0.008781072582597152,-0.09569018286662596,0.11739670758699548,False
Annihilape,Gallade,5,0.00877008302766967,-0.08989338335572097,0.10980544714186864,False
Corviknight,Hisuian Arcanine,11,0.008753281035382731,-0.07566966404812835,0.10458718349917892,False
Chandelure,Kingambit,14,0.008734349363564502,-0.10481779264288155,0.12416053252809695,False
Farigiraf,Hisuian Decidueye,9,0.008730318150746904,-0.09314346322602206,0.11398632816376486,False
Blastoise,Volcarona,5,0.008671825771942355,-0.0812371015078863,0.10650518940886186,False
Empoleon,Garchomp,6,0.00865561388159648,-0.08106643777779485,0.10013220982836303,False
Froslass,Gengar,13,0.00864768685848142,-0.09897721599568068,0.13751346603539577,False
Archaludon,Espathra,5,0.008495541080983528,-0.09882910031915658,0.11974860227766743,False
Farigiraf,Hisuian Arcanine,5,0.008458040998883648,-0.09095035640671273,0.11559426821483243,False
Drampa,Oranguru,8,0.00845142549237183,-0.07944693990151253,0.10873131466042234,False
Basculegion,Tsareena,27,0.008411477582376417,-0.05814304650300719,0.08062249820776149,False
Basculegion,Tyranitar,55,0.008375354777820209,-0.05936632148958529,0.08408746035007518,False
Alolan Ninetales,Incineroar,127,0.008365570691896215,-0.0473520826047628,0.0654220517421927,False
Sneasler,Starmie,8,0.00833340812922692,-0.09114137816507627,0.11115184295416895,False
Ceruledge,Raichu,115,0.00832668034227143,-0.07450795584472202,0.09240626965077847,False
Alolan Ninetales,Dragalge,5,0.008300068505488088,-0.09469121256655583,0.11689790779649109,False
Garchomp,Tyranitar,62,0.008281363758073635,-0.07094166832744704,0.09534716711244051,False
Gholdengo,Weavile,6,0.00827838144225055,-0.09716465592507516,0.12511749540588632,False
Froslass,Maushold,10,0.008220939765894171,-0.0752295850462429,0.0978315971679528,False
Garchomp,Wash Rotom,133,0.008187614563866219,-0.06849418122830472,0.08610933875672123,False
Grimmsnarl,Kommo-o,6,0.008184550770612387,-0.10742442087123946,0.11753577108523987,False
Ampharos,Torkoal,20,0.008170540360577728,-0.08685895180889852,0.10369453783702319,False
Azumarill,Sneasler,14,0.008163541939501483,-0.10062016482172992,0.1123783055061107,False
Camerupt,Kingambit,19,0.008157409424040888,-0.10699341988196455,0.1288806267843174,False
Blastoise,Sylveon,31,0.00812402460304717,-0.07125578978133157,0.09503724863307386,False
Charizard,Gallade,6,0.008067489832959582,-0.09528061788531797,0.1099055651596594,False
Grimmsnarl,Sylveon,49,0.008046665434720353,-0.08161856807408334,0.09616431789973928,False
Eelektross,Raichu,11,0.008031622760551553,-0.08061738776457687,0.10274257126279626,False
Eternal Flower Floette,Toxapex,8,0.008027628687537158,-0.10016320306044078,0.11203796693191108,False
Beedrill,Kangaskhan,5,0.008001400484594452,-0.0871550779710321,0.11150605350634954,False
Corviknight,Hydreigon,36,0.007991533257157565,-0.08590717601673416,0.11038319648244757,False
Basculegion,Gholdengo,226,0.007988375509930175,-0.06187646920764448,0.08550863679488951,False
Basculegion,Floette,60,0.007951536385595558,-0.059072708574078536,0.07666927375566562,False
Mamoswine,Sneasler,11,0.007913726164314303,-0.09018690758607131,0.10682824600587505,False
Garchomp,Starmie,10,0.007900629066990733,-0.08153663359097875,0.09961318808320901,False
Garchomp,Toxapex,117,0.007893318707145857,-0.06929854527160674,0.09109752885802963,False
Overqwil,Sinistcha,6,0.007887948575321475,-0.09984868990688774,0.11780159153999015,False
Blastoise,Maushold,35,0.007878246708435323,-0.07227940326510082,0.09642209131802844,False
Sableye,Scizor,12,0.007859396232530179,-0.09177593491105378,0.11370509492216241,False
Garchomp,Pelipper,62,0.007854535525210767,-0.06930689082091078,0.08218375092848941,False
Glimmora,Incineroar,30,0.007768518948823917,-0.04582513558193379,0.06681470000455515,False
Basculegion,Malamar,6,0.007750485032390773,-0.06273332218854394,0.0847505358802116,False
Hisuian Samurott,Maushold,9,0.00768579209606829,-0.07506609114478496,0.09974958631817664,False
Gallade,Pelipper,7,0.007665586998011378,-0.0868838462589571,0.1060064421159066,False
Ampharos,Farigiraf,25,0.007622137633113482,-0.09645721539199864,0.10766033059541852,False
Araquanid,Farigiraf,14,0.007593103824164095,-0.08789846803621035,0.11161775836526419,False
Incineroar,Toxapex,61,0.007556544506839324,-0.04693210475880278,0.06496052063061383,False
Barbaracle,Basculegion,8,0.007554589964276821,-0.058488005861283304,0.08267970802353349,False
Hydrapple,Torkoal,6,0.007533335934187575,-0.0834716722969221,0.10333753181086378,False
Camerupt,Mawile,7,0.007517936011857673,-0.08941024263769876,0.10556458503064542,False
Milotic,Sneasler,77,0.007514769749586862,-0.08063311585946534,0.09557477768856548,False
Appletun,Kangaskhan,9,0.007482785173324662,-0.08596176808897399,0.10880538596871224,False
Falinks,Talonflame,5,0.007471935817912844,-0.08043816702060123,0.09932835062923319,False
Raichu,Rampardos,6,0.007455739717269388,-0.07983252314950728,0.10239587067095587,False
Glimmora,Pelipper,7,0.007451648274977343,-0.08176443503897485,0.10590230845127725,False
Farigiraf,Maushold,22,0.007414289017249796,-0.08546023393600505,0.10015891165513711,False
Oranguru,Venusaur,18,0.007393147435709219,-0.06645819612910533,0.08391753209869406,False
Hydreigon,Volcarona,5,0.007391481039332015,-0.09428725804390409,0.11352696884508302,False
Sceptile,Sinistcha,6,0.007379711411090957,-0.0956432190171759,0.1148604881726915,False
Hydreigon,Lycanroc Dusk,13,0.0073611913664745265,-0.09309148163978863,0.11013366299620027,False
Aromatisse,Mawile,5,0.007358850642561858,-0.08482130711479047,0.1042642804081606,False
Lopunny,Wash Rotom,6,0.007298804616064306,-0.08397675649587322,0.10629703471636548,False
Blastoise,Mawile,11,0.0072613365901780975,-0.08018845065126029,0.10566134512734532,False
Hisuian Arcanine,Staraptor,6,0.007148448581929585,-0.06989148769267947,0.08691072845488453,False
Gallade,Whimsicott,12,0.0071092475966055835,-0.07552169712779251,0.09586272930665754,False
Froslass,Gyarados,6,0.007095667371242591,-0.08356508063595383,0.09993424382521447,False
Maushold,Rampardos,6,0.007049457870271918,-0.07852149136104952,0.10124548310389536,False
Camerupt,Kangaskhan,11,0.007047907341119276,-0.0887765294867471,0.10589198249433619,False
Farigiraf,Staraptor,153,0.006952023831106615,-0.06632349409966412,0.08541280008344201,False
Excadrill,Kommo-o,5,0.006939957048573662,-0.08625538147400956,0.10501818223922853,False
Basculegion,Hisuian Typhlosion,22,0.0068468856770354455,-0.06318919907290564,0.07855267634554572,False
Corviknight,Farigiraf,6,0.00677379959604991,-0.08366633415354714,0.09941612798025862,False
Gholdengo,Meowscarada,7,0.00676069823654319,-0.10019224372853577,0.1173043008629673,False
Glimmora,Sceptile,7,0.006754042147176274,-0.08083034063060363,0.09676654167014699,False
Incineroar,Sableye,35,0.006752085861694147,-0.049383108881034685,0.06555073377103643,False
Delphox,Raichu,16,0.006740134483432973,-0.07445103514674012,0.09549243516411343,False
Hydreigon,Scovillain,27,0.0067115884431757835,-0.0952052757512241,0.11463339442656711,False
Beedrill,Raichu,6,0.0066834595576129065,-0.08285582706126189,0.10088117554856937,False
Basculegion,Sylveon,344,0.006680646171658364,-0.05098684865474352,0.06479157996086472,False
Blastoise,Incineroar,103,0.006680496451621344,-0.04740474830891874,0.06413983679225814,False
Primarina,Staraptor,10,0.006646415615362684,-0.06906456212257367,0.08637797153325215,False
Incineroar,Mamoswine,29,0.006643444432546104,-0.04977344036029114,0.06808253610021484,False
Kingambit,Staraptor,136,0.006630116192843414,-0.07524450758744236,0.09258717436626662,False
Charizard,Wash Rotom,38,0.006622507323245503,-0.08281471464109895,0.10074270609393815,False
Talonflame,Tsareena,15,0.006587014734181928,-0.07490125935165784,0.09242542367199581,False
Eternal Flower Floette,Sableye,22,0.006500131875848122,-0.09407539267227473,0.11196214159704312,False
Mamoswine,Mawile,8,0.00649043445703789,-0.09597241946857349,0.10168720145988763,False
Gholdengo,Kangaskhan,7,0.00648780365217346,-0.09869126306039369,0.12215526613473258,False
Gardevoir,Wash Rotom,7,0.006471113090301335,-0.08208075767941317,0.09811266098698086,False
Aerodactyl,Incineroar,176,0.006469320202265997,-0.04058149294252969,0.056922459820067384,False
Garchomp,Weavile,12,0.006453728316196776,-0.07863165351603543,0.09579914717885477,False
Garchomp,Maushold,94,0.006439907363652908,-0.07301221836505822,0.08904042478621209,False
Infernape,Raichu,5,0.00643143097582128,-0.0790133648659881,0.09803927612486599,False
Annihilape,Corviknight,7,0.006423740447996063,-0.08586242966160323,0.10595664062566781,False
Gardevoir,Incineroar,54,0.006418287195582129,-0.04879941940724113,0.06633916597265109,False
Garchomp,Sceptile,72,0.006390132615509922,-0.07462284456811162,0.09362387577142826,False
Ditto,Staraptor,5,0.006351602688990634,-0.06746712140245983,0.08232277439348704,False
Sceptile,Staraptor,7,0.006283789937934443,-0.06466816456201988,0.08560486370004393,False
Appletun,Sylveon,9,0.006281729596768699,-0.08330751714596754,0.09623862105098356,False
Corviknight,Excadrill,54,0.0062809832702459744,-0.07253377267232701,0.09147185795416021,False
Azumarill,Basculegion,12,0.006271925678516556,-0.06836421059632497,0.0825713482990534,False
Beedrill,Maushold,6,0.006254258266107327,-0.0798324062284148,0.09673719019415339,False
Ditto,Sinistcha,7,0.006253093609645861,-0.10177057409721718,0.1207870543719313,False
Scrafty,Tinkaton,9,0.006247590010755148,-0.08282233739852612,0.10015033064446936,False
Oranguru,Torkoal,28,0.006247173628946458,-0.08315342432056812,0.09718123471172734,False
Abomasnow,Basculegion,7,0.0062436360351057485,-0.06333920760967439,0.08001658461026717,False
Hisuian Samurott,Metagross,32,0.0062362756770199465,-0.065590535998148,0.08235431117988093,False
Delphox,Mawile,22,0.00623200855242487,-0.07980278912678812,0.1054412506494607,False
Araquanid,Mawile,16,0.006178952246011957,-0.08415000161558552,0.10207915506429745,False
Basculegion,Blaziken,183,0.006138554814145551,-0.057998088475773146,0.07869474871717938,False
Excadrill,Hydreigon,28,0.006085440279169772,-0.08829685702282533,0.10090223678299251,False
Milotic,Raichu,123,0.006034601146754495,-0.07018907077603882,0.08620571767060124,False
Delphox,Floette,11,0.006003186381944762,-0.07840028512666135,0.09001173150249446,False
Ampharos,Vileplume,7,0.005949379294136394,-0.08464748293849694,0.10052407998428059,False
Bellibolt,Mawile,6,0.005939288938878545,-0.08609083016273048,0.10399804447243123,False
Charizard,Sceptile,6,0.005918450941888083,-0.09350273915418489,0.11151181723364742,False
Meganium,Sinistcha,13,0.005904348697531044,-0.09865220234852616,0.11447348745345164,False
Aerodactyl,Swampert,8,0.0057738132133428755,-0.0786604481993283,0.09474705580118854,False
Gholdengo,Metagross,10,0.005740533400173522,-0.07784897720616922,0.09327063333289928,False
Azumarill,Farigiraf,7,0.005733518014062842,-0.10147619294371917,0.11656026747970462,False
Aerodactyl,Dragonite,5,0.005721492246612985,-0.07292065584619448,0.08819144635396522,False
Armarouge,Meowscarada,5,0.005709259947330234,-0.08683796815199343,0.10856345562070047,False
Froslass,Politoed,16,0.005708682133635894,-0.08977502051968841,0.10833790758380382,False
Blaziken,Dragonite,8,0.0056998063489949536,-0.08292006182064814,0.10000140209881869,False
Gardevoir,Sneasler,16,0.005680109969379406,-0.09215237667098079,0.10559823774222024,False
Annihilape,Metagross,32,0.005618895271669554,-0.06983603433216908,0.0784229791411602,False
Basculegion,Metagross,160,0.005541671565068465,-0.044711985973007254,0.062373768087050106,False
Metagross,Wash Rotom,42,0.00553719649204881,-0.05888961740780405,0.07676895413326826,False
Hydreigon,Vileplume,5,0.005507755078426062,-0.09220051050551956,0.10778971133899849,False
Empoleon,Staraptor,7,0.0054738319140020695,-0.0754415861649332,0.08777664947771886,False
Lucario,Whimsicott,10,0.005464165166072666,-0.07701335414325375,0.08726691207321072,False
Sneasler,Vanilluxe,6,0.005435153351134846,-0.09250179892583943,0.10769982591619127,False
Aegislash,Whimsicott,7,0.005398227650141933,-0.07266413984917446,0.08678544397741589,False
Gardevoir,Whimsicott,25,0.005375413416430137,-0.07050485023185438,0.08624484098666642,False
Incineroar,Wash Rotom,103,0.005362563976497498,-0.04658931064172217,0.05972151022953876,False
Ceruledge,Clefable,9,0.005359955034025036,-0.08966005142254065,0.09840132698166953,False
Mamoswine,Torkoal,34,0.005349691554611704,-0.08285707780029959,0.09507900118623029,False
Eternal Flower Floette,Torkoal,36,0.005328702752429269,-0.08120288205835109,0.10295625539053192,False
Mamoswine,Tsareena,5,0.0052610911354346365,-0.08499687798124053,0.10149289235943929,False
Garchomp,Grimmsnarl,256,0.0052189645639152855,-0.07493520482635824,0.08383529550664039,False
Garchomp,Lopunny,5,0.005181714864895898,-0.08534498093912836,0.10055342388526761,False
Froslass,Venusaur,6,0.0051690216329215895,-0.06845028270129615,0.08397832420528341,False
Excadrill,Incineroar,29,0.005108956782112516,-0.045718297264339916,0.05952780267963411,False
Grimmsnarl,Wash Rotom,48,0.005107451252490186,-0.08920106620028535,0.11227783028186451,False
Froslass,Metagross,12,0.005044426326708865,-0.06505289957872372,0.07785949434540745,False
Crabominable,Kingambit,6,0.00504340318966718,-0.11118045372227274,0.12516177221212918,False
Garchomp,Tinkaton,7,0.005025547472636235,-0.08513616336712987,0.0954335147040287,False
Palafin,Sinistcha,8,0.0049808768334072065,-0.10543979300445364,0.11533561382886967,False
Incineroar,Raichu,224,0.004974430183819088,-0.046771663518936746,0.05710636634257792,False
Mamoswine,Venusaur,33,0.004921141907084493,-0.07093191590331847,0.08709786980819327,False
Aegislash,Venusaur,9,0.004915159807493853,-0.06356329673683218,0.08011098629565234,False
Appletun,Torkoal,9,0.004904634951372941,-0.08230853028241507,0.09551621556891245,False
Torkoal,Venusaur,111,0.004819101574227055,-0.059232905733835856,0.07342035037018307,False
Scizor,Torkoal,6,0.004789862673228089,-0.08138565636418814,0.09583545986469304,False
Incineroar,Talonflame,17,0.004770629288957411,-0.04719724682351105,0.06127207481400172,False
Gengar,Sableye,17,0.00476996416125853,-0.11251313648059492,0.12160802053846072,False
Drampa,Sinistcha,19,0.00476130457889341,-0.10303379304667241,0.11919990364661384,False
Annihilape,Maushold,80,0.0047531619999105715,-0.08062781136588676,0.09432987770135176,False
Gardevoir,Raichu,9,0.00474653387848633,-0.08097291873947665,0.09476747626026366,False
Torkoal,Vileplume,156,0.004733706045188856,-0.07532641910917383,0.08810876429492913,False
Volcarona,Whimsicott,9,0.004727952454561218,-0.07811767472479662,0.08912564089996323,False
Primarina,Whimsicott,13,0.004723606170316515,-0.07157865099012078,0.08941613131739981,False
Basculegion,Gallade,5,0.004704231096823045,-0.06991251952160363,0.07805128130562225,False
Pikachu,Whimsicott,5,0.004685265110987106,-0.0789472909625762,0.09205938458003791,False
Maushold,Pelipper,61,0.004630220338514788,-0.0743591428451445,0.08468550482624028,False
Alolan Ninetales,Staraptor,20,0.004617039345533326,-0.07282289449449676,0.08251456005619251,False
Empoleon,Hisuian Typhlosion,5,0.0044512678778376065,-0.08980049180279617,0.10612595749638554,False
Farigiraf,Jolteon,5,0.004446673950938296,-0.09720456523576851,0.10618939437867778,False
Mawile,Volcarona,5,0.004429434234048755,-0.08438558352192777,0.09684686863716624,False
Basculegion,Vanilluxe,7,0.0044215322851066715,-0.06792774757894258,0.07797336008580212,False
Ceruledge,Staraptor,12,0.0044168792904198525,-0.0709868907689001,0.08542473613445692,False
Incineroar,Sneasler,580,0.004406167425523305,-0.0503710422218932,0.059111867566483026,False
Dragonite,Farigiraf,14,0.004392939273624056,-0.08144268785984056,0.09851522746349684,False
Excadrill,Torkoal,10,0.004382001950556895,-0.07695778118848123,0.08983504048755897,False
Toxapex,Whimsicott,9,0.004357088437105853,-0.0756098530847223,0.08419518543970858,False
Corviknight,Maushold,8,0.004305219688404238,-0.0738008143465428,0.08578893316867701,False
Dragonite,Pelipper,70,0.004304678705001328,-0.07380946299810992,0.08912560780561328,False
Bellibolt,Whimsicott,5,0.0042807633164605695,-0.07718434035082407,0.09196213911079817,False
Corviknight,Sylveon,16,0.004264195536450046,-0.07691891071919398,0.09038351981242689,False
Eternal Flower Floette,Heat Rotom,21,0.004243767237570703,-0.10249823384986133,0.10976135899891339,False
Gholdengo,Pelipper,118,0.00424361934555825,-0.08663554531455242,0.10138281746378035,False
Drampa,Staraptor,6,0.004166902681200101,-0.07164875718704908,0.08534704113748201,False
Alolan Ninetales,Eelektross,7,0.004140990146895446,-0.1033404230530622,0.1185990870721532,False
Basculegion,Chesnaught,5,0.004140330465061261,-0.06592866314503683,0.07603690290195789,False
Archaludon,Maushold,64,0.004132409413194747,-0.08486851526488508,0.0932424292112023,False
Houndstone,Venusaur,17,0.004092064560950296,-0.07139875580863096,0.08212517159458227,False
Eelektross,Kingambit,20,0.004080109464862222,-0.10797729909339496,0.11586451818242391,False
Alolan Ninetales,Scizor,7,0.004020330776937887,-0.0954292170786288,0.10803974499151961,False
Dragonite,Whimsicott,37,0.004005671829076451,-0.06501433931424849,0.07718490898279724,False
Azumarill,Glimmora,5,0.003971640933588716,-0.10227410612824622,0.11429757269036404,False
Pelipper,Scrafty,12,0.0039524022645337645,-0.0793641866442111,0.0844560286847929,False
Farigiraf,Oranguru,21,0.003910922734451584,-0.09218073172868584,0.10309367448930175,False
Pelipper,Volcarona,6,0.003896902347862622,-0.08292465505699834,0.10010466110277076,False
Archaludon,Meganium,27,0.003863285697535501,-0.09431135841322934,0.10546600218163646,False
Delphox,Glimmora,9,0.003851951267360601,-0.08887712957958033,0.09700878471973398,False
Charizard,Tyranitar,11,0.003850793890153208,-0.09496005045400503,0.10908244929539394,False
Mimikyu,Raichu,6,0.00382518232032391,-0.08731163068295732,0.0951238950507873,False
Corviknight,Garchomp,53,0.0037957222290818217,-0.08244380673648473,0.0920817196339456,False
Swampert,Talonflame,12,0.00377753307130792,-0.0863244143480795,0.09830816670424856,False
Gholdengo,Sceptile,15,0.003776522259852887,-0.10274868144584383,0.1088403037517794,False
Ceruledge,Maushold,14,0.003761929930659904,-0.07602644701218893,0.08876285564242288,False
Farigiraf,Meganium,11,0.0037555661606071718,-0.08946162015727781,0.09906057763334569,False
Kommo-o,Mawile,7,0.0037391271163230806,-0.08970976497492497,0.1012566543428069,False
Corviknight,Heat Rotom,13,0.003735376140821069,-0.08311817138925887,0.09131606204859231,False
Metagross,Scovillain,10,0.003730352958169593,-0.07695185464121858,0.0841045937628085,False
Delphox,Incineroar,326,0.0036874837936722695,-0.047499336425239,0.05754067804213258,False
Incineroar,Tsareena,19,0.003676191830623774,-0.04670642106196253,0.05742727628552564,False
Empoleon,Pikachu,5,0.0036450422721564677,-0.09243326029247224,0.10654123174228781,False
Incineroar,Lycanroc Dusk,5,0.003596844751957351,-0.04945272470554809,0.05660478665152718,False
Aegislash,Basculegion,8,0.0035858665974254065,-0.06490784536642306,0.07700037999166448,False
Maushold,Torkoal,18,0.0035703667461876943,-0.08019199646001961,0.08931053041066812,False
Dragonite,Metagross,32,0.003559515224155725,-0.057592859521651746,0.0694476979897186,False
Excadrill,Raichu,6,0.003506290459392521,-0.0770641429491163,0.08726936231824248,False
Grimmsnarl,Torkoal,15,0.0034813654003821633,-0.099713212414583,0.10152273429454646,False
Chesnaught,Incineroar,5,0.0034757616408641607,-0.050771868649443455,0.06065963550315893,False
Aegislash,Gardevoir,5,0.0034436316833134127,-0.08524409925131622,0.09511276388543484,False
Aerodactyl,Mamoswine,8,0.003430576924578866,-0.09177714473188275,0.09464437757564041,False
Garchomp,Sneasler,366,0.003355367882972891,-0.06527485199799508,0.0704055935261678,False
Kommo-o,Politoed,7,0.0033471725159643882,-0.10100174433068382,0.11111385285741089,False
Raichu,Scizor,5,0.003299910169437812,-0.08158182911145832,0.09221006615270423,False
Golurk,Mawile,6,0.003252175532134174,-0.085491019145434,0.10032823482204926,False
Araquanid,Froslass,7,0.003250251154922527,-0.08176747381856346,0.09162452970814768,False
Torkoal,Vivillon,18,0.003234855005116642,-0.08988159850386394,0.09613345488735674,False
Blaziken,Gengar,19,0.0032321150549462583,-0.1006745853284036,0.1222665421226744,False
Altaria,Venusaur,5,0.0032234698503858204,-0.0687188335850245,0.07682372301052291,False
Basculegion,Scizor,18,0.003209690420301613,-0.06282985718678968,0.07300225509056997,False
Farigiraf,Mudsdale,6,0.0031717482196164516,-0.09974845071901627,0.10004096155880085,False
Garchomp,Lycanroc Dusk,9,0.0031631376785261804,-0.08488338004287337,0.0935679634848052,False
Crabominable,Farigiraf,16,0.0031301957408391714,-0.09438651183819505,0.10161609837743374,False
Araquanid,Eternal Flower Floette,5,0.0031157546691099936,-0.10248037029876525,0.10769568828317384,False
Golurk,Venusaur,18,0.0030893169824652454,-0.07037240189193074,0.07913247128567022,False
Lycanroc Dusk,Venusaur,10,0.0030523352401268305,-0.06638258995087629,0.07764429224780267,False
Clefable,Garchomp,23,0.003040078226314069,-0.08386359954699185,0.093481814580613,False
Gliscor,Raichu,5,0.003023777154636843,-0.0847009353801293,0.09368969821860283,False
Maushold,Venusaur,22,0.0030160971832630884,-0.06844901428997852,0.0747816107483609,False
Staraptor,Wash Rotom,31,0.0030099528966779565,-0.06990182815096826,0.07855099902299438,False
Aerodactyl,Vileplume,13,0.0029924084703956723,-0.08150744716113238,0.08384783803128713,False
Bellibolt,Gholdengo,5,0.0029826219317910557,-0.10581662998755753,0.11537845748676384,False
Aerodactyl,Hisuian Zoroark,5,0.0029160940102136977,-0.08600416089277446,0.09175755345573972,False
Basculegion,Glimmora,34,0.002891915360671595,-0.06549929184326898,0.07436414165418248,False
Aerodactyl,Clefable,5,0.0028908191521642627,-0.08000091155464953,0.08867018837451811,False
Garchomp,Hisuian Zoroark,14,0.002878282794702226,-0.08263508709719564,0.09031234790606536,False
Delphox,Eelektross,5,0.002874044773244014,-0.09182590371851773,0.09774851333971234,False
Meowscarada,Sneasler,15,0.0028734092862253867,-0.09889023008149969,0.10305955874875714,False
Raichu,Sinistcha,275,0.002833497603730889,-0.07688155572798436,0.07943665817212422,False
Araquanid,Corviknight,5,0.002833333239698481,-0.08296733028550113,0.08976433370961685,False
Mimikyu,Wash Rotom,5,0.0027723728663810315,-0.08813335850170992,0.09561865197004453,False
Blaziken,Staraptor,7,0.002754474504180488,-0.07940817319739478,0.09042588251029161,False
Gyarados,Incineroar,21,0.0027523799766031266,-0.04986183341843901,0.05665554333684401,False
Hisuian Typhlosion,Metagross,8,0.002732345794249508,-0.06697543058068488,0.07062872540194363,False
Dragonite,Staraptor,6,0.0027180088479300726,-0.06892552591498666,0.07201857843737768,False
Venusaur,Whimsicott,99,0.0027153787184001,-0.053802880874739355,0.06541563443780067,False
Crabominable,Sinistcha,7,0.0027085568431308394,-0.11261237735940467,0.12028930590383412,False
Grimmsnarl,Sceptile,14,0.0027010676061344045,-0.10263127553434785,0.11008976073407749,False
Dragonite,Incineroar,77,0.0026954769239523352,-0.04824430704829093,0.05394522161294753,False
Tinkaton,Whimsicott,8,0.0026866060431715555,-0.0791399751727994,0.08354042750368368,False
Altaria,Sinistcha,7,0.00268521620529032,-0.1142515119136587,0.11555564287410987,False
Raichu,Tsareena,16,0.002666687856407547,-0.079616784445735,0.08700186822844952,False
Hydreigon,Venusaur,45,0.002623461662880742,-0.07499608324740782,0.0818104764067729,False
Dragonite,Infernape,5,0.0025911580280060255,-0.08316968991687651,0.08368747324402281,False
Hatterene,Staraptor,6,0.0025823526320144976,-0.07569058845961127,0.08689858352505049,False
Mawile,Wash Rotom,13,0.0025584238701908415,-0.08685090816475077,0.09468749665943206,False
Grimmsnarl,Mamoswine,7,0.0025574676041359456,-0.10449141483252036,0.11094595079308095,False
Crabominable,Incineroar,8,0.0025318065542378056,-0.05219387750352539,0.06239968627153731,False
Farigiraf,Metagross,57,0.00248250216274201,-0.07374703004920023,0.07443900301219486,False
Incineroar,Scizor,16,0.002472817020971116,-0.05156070712952849,0.060532342835742735,False
Maushold,Sylveon,24,0.0024309411351763925,-0.08257417179495702,0.08293218689938346,False
Araquanid,Torkoal,7,0.002407669339739866,-0.08538564737579492,0.09393179972792648,False
Kangaskhan,Rampardos,6,0.0023713430615852197,-0.09256617249224787,0.1003197302528617,False
Lycanroc Dusk,Metagross,19,0.0023666402069533496,-0.06282110164546705,0.07212872579264828,False
Dragonite,Milotic,6,0.002358473099791746,-0.07907542613170025,0.08695018397460078,False
Hisuian Zoroark,Talonflame,5,0.002350304062548078,-0.08471566034261219,0.097191207383205,False
Incineroar,Weavile,6,0.002346574901732718,-0.05006058615507601,0.05656370313913299,False
Dragonite,Venusaur,12,0.002342245619550486,-0.06709682663063032,0.07310406844883038,False
Chandelure,Garchomp,19,0.0023235290842530364,-0.08486655815612563,0.0933292840137028,False
Clawitzer,Incineroar,10,0.0022810157998527417,-0.05297672787856297,0.0580923260680191,False
Raichu,Scrafty,14,0.0022767162922453193,-0.07905378408877953,0.09020173447957398,False
Excadrill,Venusaur,27,0.002262521369681072,-0.06612973664664491,0.07365354768897103,False
Sceptile,Wash Rotom,36,0.002256311522690006,-0.08011501548090567,0.08611771937398223,False
Aegislash,Grimmsnarl,12,0.002238090164726888,-0.10202569028999611,0.10778577858420298,False
Incineroar,Mimikyu,6,0.002237545177556526,-0.056178629736868456,0.06140566730404124,False
Blaziken,Clefable,11,0.002234107977885973,-0.10220266662742038,0.10401475378627928,False
Hatterene,Incineroar,27,0.002230324795692851,-0.05579517580689334,0.06195828024201066,False
Charizard,Hisuian Zoroark,12,0.0022252599290443664,-0.09607949387111989,0.104935246130943,False
Garchomp,Vanilluxe,9,0.002217579342451079,-0.08561303080185703,0.09166074370734568,False
Starmie,Whimsicott,12,0.0021900890648190357,-0.07894154302530036,0.08472281498741467,False
Ceruledge,Mawile,38,0.002175019159013876,-0.08272120798561612,0.09188234891244051,False
Basculegion,Volcarona,7,0.002149699230552032,-0.06843076744060624,0.07468843926092164,False
Glimmora,Wash Rotom,6,0.002114763056618991,-0.08795541842199667,0.09487108833163835,False
Hisuian Arcanine,Scovillain,14,0.0021137869659979087,-0.09563616622099812,0.1074588972946626,False
Aggron,Sinistcha,17,0.0021120184743247555,-0.11103286699738851,0.12153562897303141,False
Charizard,Excadrill,5,0.002100237853613359,-0.10039490042397896,0.10374175194340565,False
Aerodactyl,Primarina,13,0.002062663999840285,-0.08347530140981982,0.09211235044896338,False
Basculegion,Mow Rotom,6,0.0020491637137358657,-0.06903209465908855,0.07204372555600456,False
Corviknight,Venusaur,15,0.0020142063192450845,-0.06524211742584753,0.07590625697068436,False
Clefable,Whimsicott,12,0.0019951939971019866,-0.07755590338874607,0.08121299127867977,False
Araquanid,Grimmsnarl,5,0.0019950095194935925,-0.10809974313958795,0.10959301761836734,False
Aerodactyl,Hydreigon,48,0.0019946241469670275,-0.08398006052346484,0.08616680922329083,False
Primarina,Talonflame,10,0.0019163276568018156,-0.08411950472165823,0.09091114362618498,False
Froslass,Pelipper,9,0.0019051391331131545,-0.08608497113838591,0.09655331442120543,False
Falinks,Maushold,8,0.0019024423914134226,-0.0840831992929692,0.08590783312085927,False
Sceptile,Whimsicott,25,0.0018919882308424181,-0.07440441776339371,0.0793071512084434,False
Farigiraf,Scizor,12,0.0018350875026021671,-0.09407099529987523,0.10164853164509545,False
Dragonite,Sneasler,55,0.0018063923535508702,-0.08142143339006465,0.0884021049151545,False
Staraptor,Weavile,5,0.0018052463007807939,-0.0769976882075457,0.07747821290316387,False
Corviknight,Froslass,15,0.0018004630204027572,-0.08482558065809552,0.08994198084352194,False
Golurk,Oranguru,18,0.0017916698748138503,-0.08486371819159402,0.096623512793728,False
Kingambit,Talonflame,52,0.001745292109198135,-0.08858982548580438,0.09781606654592244,False
Raichu,Tinkaton,8,0.0017391664640406244,-0.0877007487631556,0.0946574500119237,False
Archaludon,Kangaskhan,5,0.0017376459654629478,-0.1038972689278029,0.11392284242799262,False
Hisuian Zoroark,Mawile,5,0.0017226388518973756,-0.09126883819789215,0.0951921901484921,False
Kingambit,Mamoswine,23,0.001709977142349117,-0.10343600896185975,0.10622870337500145,False
Eelektross,Falinks,5,0.0016725083496573927,-0.09646229039082824,0.0985038937455141,False
Chandelure,Tsareena,10,0.0016322700793245041,-0.0894669494318543,0.09168816923311925,False
Farigiraf,Vivillon,32,0.0016057417234836802,-0.09862501582267882,0.1007205962642877,False
Raichu,Sylveon,110,0.0015799361297990822,-0.07063474190039415,0.07632569822554335,False
Kingambit,Mow Rotom,6,0.0015485121236063462,-0.11353624067683926,0.10942972243548955,False
Weavile,Whimsicott,14,0.001540258405037685,-0.07600853528483252,0.07880046371421633,False
Falinks,Garchomp,9,0.001537931051932075,-0.08796251759279113,0.09324723763935289,False
Hisuian Arcanine,Wash Rotom,10,0.0015339429618243616,-0.08401214973837932,0.08946087498770723,False
Clefable,Delphox,9,0.0015024006252293532,-0.08751949196569302,0.08873814271105374,False
Basculegion,Incineroar,415,0.0014973849338475113,-0.04018678657942996,0.042722408765441484,False
Aegislash,Alolan Ninetales,5,0.0014820987478189193,-0.09873016838895551,0.10565807719774678,False
Staraptor,Sylveon,124,0.0014675427252160455,-0.06196915068231043,0.07189689238447892,False
Incineroar,Starmie,5,0.001452503875824803,-0.05209239388342198,0.05714050016321323,False
Delphox,Primarina,5,0.001414685526484895,-0.08941473424075902,0.08940563303743905,False
Grimmsnarl,Sableye,15,0.0014141616453256726,-0.09902604986790109,0.10770088352853832,False
Basculegion,Heat Rotom,48,0.0014122058841223761,-0.07124529224959465,0.07201437842631721,False
Blaziken,Venusaur,11,0.0013721578008542604,-0.07388620627725158,0.08219336371953682,False
Runerigus,Sinistcha,5,0.0013614528747493554,-0.11380597465331353,0.11778394572597095,False
Sceptile,Tyranitar,11,0.001337168377429451,-0.09195702885953093,0.09957192668086973,False
Sceptile,Swampert,7,0.001274455838587955,-0.08651045200766863,0.09253752430654276,False
Dragapult,Incineroar,18,0.0012690586594146364,-0.05523523297550732,0.057901099926471813,False
Gallade,Garchomp,10,0.0012677182097059136,-0.09150224715355663,0.092582197231536,False
Mawile,Pelipper,112,0.0012397486507087483,-0.08181241785139887,0.0831603432739488,False
Empoleon,Whimsicott,6,0.0011807940049073725,-0.08355823777819557,0.0849147071039004,False
Hisuian Arcanine,Venusaur,5,0.0011798946684099087,-0.07170125049366159,0.07579452489196797,False
Basculegion,Froslass,136,0.001161135956746837,-0.06294585539111394,0.06056742159931384,False
Floette,Hisuian Arcanine,5,0.0011300990053815818,-0.09294760731060536,0.09261169839595747,False
Pikachu,Raichu,6,0.001124480376967768,-0.09051316160775344,0.09441236797237065,False
Kingambit,Mawile,18,0.0011191859949582883,-0.09238909682603412,0.10106024363561997,False
Eelektross,Torkoal,5,0.001091710102351517,-0.09379334467454464,0.09856362082805815,False
Raichu,Vaporeon,5,0.0010902972342856064,-0.08930711610418228,0.09394194090787952,False
Araquanid,Sinistcha,8,0.0010580884585986953,-0.10871916620469348,0.11421546430083082,False
Gardevoir,Hisuian Samurott,8,0.0010461720686454601,-0.09681250272897404,0.09740716660159333,False
Garchomp,Vileplume,7,0.0010390264081489107,-0.0890799531130259,0.08673664448426373,False
Aerodactyl,Mow Rotom,8,0.0010247430983220131,-0.08063826995670945,0.08705532085799755,False
Glimmora,Weavile,5,0.0010230859851627669,-0.09101831194411407,0.09389937900200565,False
Dragonite,Vanilluxe,5,0.0009791144781531188,-0.08447118148274538,0.08746571559539992,False
Rampardos,Whimsicott,6,0.0009624349865861141,-0.08541216709078206,0.09034117345866555,False
Lycanroc Dusk,Talonflame,11,0.0009579452862397564,-0.0838484441991145,0.0882791611086227,False
Aerodactyl,Hisuian Samurott,24,0.000944720726336266,-0.08713509612562158,0.09009355031345086,False
Heat Rotom,Incineroar,6,0.0009353429836121028,-0.05409529964320441,0.05270857807152039,False
Meganium,Pelipper,26,0.0009281733654746979,-0.08744454145357598,0.09384521306504479,False
Glimmora,Mamoswine,10,0.0009235521951558842,-0.09686581450138478,0.0952568337721113,False
Heat Rotom,Staraptor,12,0.0008996445656606865,-0.07588808015566643,0.07732860879961552,False
Maushold,Vivillon,5,0.0008862090884669835,-0.0957403108936261,0.09248537728221226,False
Incineroar,Kangaskhan,36,0.0008836423796882524,-0.05365522048538649,0.058866806255321834,False
Incineroar,Staraptor,197,0.0008380767698505657,-0.04641468965360953,0.04856507836148937,False
Archaludon,Raichu,72,0.0008380201419653083,-0.08557453617510469,0.08950464175521636,False
Basculegion,Tinkaton,5,0.0008221334346277244,-0.06974116250458022,0.06853542559174766,False
Corviknight,Scovillain,19,0.0008147748707524619,-0.09061268398515471,0.09361844607196315,False
Dragalge,Gallade,5,0.0007906240598936933,-0.10169986265675279,0.110666282880414,False
Ditto,Maushold,5,0.0007710094804900157,-0.08610253005923096,0.08592016660986465,False
Metagross,Volcarona,5,0.0007428171261154172,-0.0688106196629522,0.07406879197616639,False
Dragonite,Kingambit,62,0.0007425404407867179,-0.09058181393859627,0.08863599339731036,False
Gallade,Vileplume,17,0.0007147925872177119,-0.09044813510612171,0.09041406018297411,False
Eelektross,Tsareena,6,0.000713947175843044,-0.09503561020953108,0.09405860633088234,False
Meganium,Metagross,5,0.0006888648645021999,-0.06961177282609816,0.06989410699600454,False
Politoed,Staraptor,13,0.000688655813563532,-0.08467998218821103,0.08427795129191382,False
Scizor,Swampert,7,0.0006884349612929666,-0.0936616578060854,0.09370923501796855,False
Grimmsnarl,Meowscarada,6,0.0006559672655751192,-0.10989749532332493,0.11205024913704165,False
Kingambit,Sceptile,14,0.0006500619932427041,-0.09818799301644221,0.10461664161066832,False
Maushold,Raichu,18,0.0006260563718273715,-0.08499988344223791,0.08456232638305215,False
Archaludon,Scovillain,24,0.0005855262712957633,-0.10038433098824721,0.10572137108314753,False
Farigiraf,Venusaur,192,0.0005695348051625964,-0.0732970284143316,0.07170637590239641,False
Hisuian Typhlosion,Sneasler,5,0.000518131013422765,-0.0982879508306623,0.1036367955581397,False
Aerodactyl,Scizor,6,0.0005178773630438361,-0.08754359896746788,0.087307165091129,False
Garchomp,Typhlosion,5,0.0005059414548438609,-0.09139522647456245,0.09437448175288829,False
Swampert,Volcarona,6,0.0004913425359892031,-0.08738505756336921,0.09185523992687224,False
Incineroar,Sceptile,22,0.0004666459567765391,-0.05457515257804129,0.054324072239417716,False
Aegislash,Sneasler,6,0.00044254011179370147,-0.09801635339219673,0.1001279058205393,False
Charizard,Weavile,6,0.0004051444108941804,-0.10410447759936708,0.1014568141686749,False
Morpeko,Talonflame,5,0.0003944910493624068,-0.09053954284563671,0.09096283129676369,False
Drampa,Incineroar,9,0.00038041164657377113,-0.05816916427343526,0.05721792854260995,False
Lycanroc Dusk,Sableye,5,0.0003709006729684398,-0.10020431358205432,0.09925405278228669,False
Charizard,Staraptor,67,0.00036605707150395546,-0.0769378009327501,0.08355005946362791,False
Annihilape,Whimsicott,51,0.0003538532834042267,-0.07951295299112111,0.08248056304468858,False
Froslass,Paldean Tauros Aqua Breed,7,0.0003287434056871398,-0.09677928165310733,0.09346256222304182,False
Dragonite,Mawile,17,0.00032492345719182934,-0.08014146827036438,0.08295631068671748,False
Farigiraf,Sceptile,6,0.00026712645318909033,-0.09545830670010963,0.09457048818499413,False
Garchomp,Vivillon,14,0.00024363324729325127,-0.09182408276103068,0.09094721180157551,False
Sableye,Talonflame,6,0.00023230705956258383,-0.0976011195356071,0.1030079032234798,False
Sylveon,Whimsicott,205,0.00021975643602776065,-0.0649618297506521,0.062162061884647124,False
Aegislash,Incineroar,18,8.855792412963637e-05,-0.053705032960123654,0.05276393895189149,False
Dragalge,Farigiraf,18,7.475432027374308e-05,-0.1043864752292358,0.10567477192105768,False
Pelipper,Talonflame,12,7.459077916601761e-05,-0.08673483991994006,0.08523939535712388,False
Aggron,Tyranitar,5,6.279185774543852e-05,-0.1105151229833555,0.1111554421060038,False
Charizard,Talonflame,8,5.447890628609169e-05,-0.10133058405115788,0.10368470851123245,False
Heat Rotom,Metagross,11,6.449006562851897e-06,-0.06924089891250244,0.06936347018704551,False
Torkoal,Whimsicott,32,1.174860896796942e-06,-0.07237853885972283,0.07685831987948716,False
Eelektross,Sableye,8,-4.379298504082141e-05,-0.10976004164391759,0.10966405004377183,False
Incineroar,Pyroar,29,-4.596052692763442e-05,-0.058588110894165366,0.06001291129425669,False
Froslass,Sylveon,22,-5.561613880127679e-05,-0.08267456894774233,0.08896890714600184,False
Mawile,Talonflame,5,-9.257148287713069e-05,-0.08899600185786362,0.09190856066635306,False
Aegislash,Charizard,13,-0.00010216196228736402,-0.10807860791531239,0.10547678423965887,False
Sneasler,Tinkaton,5,-0.00013075607297218842,-0.09882188884464377,0.09925398505111666,False
Aegislash,Farigiraf,10,-0.00013644594646625483,-0.1012390047250055,0.10393029075822213,False
Archaludon,Gholdengo,93,-0.00015811478433298463,-0.10158231368274094,0.1032265890024434,False
Froslass,Primarina,8,-0.0001790655373795373,-0.09259331752420395,0.091924591161814,False
Gardevoir,Gholdengo,7,-0.0002015441131259744,-0.10747334856653586,0.10620398220742669,False
Camerupt,Hatterene,5,-0.00020351074544602116,-0.10123004729660154,0.09780771738057584,False
Eternal Flower Floette,Talonflame,33,-0.0002178106950251952,-0.09746438554388603,0.09582377273820605,False
Glimmora,Hydreigon,7,-0.0002260568109472759,-0.10321206616844497,0.0988573117426017,False
Garchomp,Glimmora,51,-0.0002285764966414309,-0.08559999706231647,0.08501315665775522,False
Corviknight,Sceptile,8,-0.00023889370132192027,-0.08472867327562811,0.08677421898872309,False
Incineroar,Slowbro,6,-0.0002452429107807954,-0.05571417997249156,0.05488787289793899,False
Milotic,Venusaur,35,-0.00026271532912713105,-0.0736416520848878,0.07327663225544893,False
Mimikyu,Staraptor,5,-0.0002691222311016349,-0.07910682965799282,0.0797192956970376,False
Politoed,Sylveon,14,-0.000311450762633217,-0.08887484723661447,0.09012069820232874,False
Corviknight,Raichu,16,-0.000312376417066083,-0.08290789347562023,0.08293448292200079,False
Golurk,Kangaskhan,10,-0.0003378589155029692,-0.09349500879817794,0.09421589003562207,False
Hisuian Zoroark,Metagross,5,-0.00034187801608547756,-0.07341762425786694,0.06965939433881753,False
Grimmsnarl,Heat Rotom,7,-0.00035816225983203087,-0.10814120036307484,0.10878026169194563,False
Blastoise,Kangaskhan,13,-0.00037344948604450747,-0.09396219793772147,0.09557139540952486,False
Meowscarada,Sylveon,7,-0.00037460062711373003,-0.09312764866469835,0.08923598119777479,False
Froslass,Sceptile,5,-0.0003833646504079851,-0.08700837126404631,0.08853481309492724,False
Glimmora,Staraptor,17,-0.00039026173416479323,-0.07600999319920276,0.07595251677018904,False
Pelipper,Wash Rotom,14,-0.00040153662533559534,-0.08561859541052481,0.08838470294510635,False
Lucario,Politoed,5,-0.0004346131213609863,-0.10479211539392376,0.10188331987290213,False
Aegislash,Pelipper,12,-0.00045613436030728457,-0.08811232170637348,0.08833805120445698,False
Pelipper,Scovillain,25,-0.0004974812331278195,-0.09597448836360327,0.09598839964150631,False
Archaludon,Starmie,9,-0.0005067597286237862,-0.10823710823764562,0.10398857695331806,False
Altaria,Incineroar,12,-0.0005229509291572842,-0.05627355425708359,0.054570439015308635,False
Metagross,Milotic,30,-0.0005276978494915545,-0.06853784158860313,0.0683580802105883,False
Incineroar,Paldean Tauros Aqua Breed,7,-0.0005286072388319994,-0.05789957138258106,0.0563186859042282,False
Hisuian Typhlosion,Venusaur,8,-0.0005371875522032502,-0.0761210456220012,0.07777091486543164,False
Aerodactyl,Excadrill,7,-0.0005925891088111497,-0.08317770746447671,0.08296428638082992,False
Aerodactyl,Blastoise,9,-0.0005968759512626119,-0.08853659622065342,0.08637201517566509,False
Houndstone,Staraptor,14,-0.0006039266620821238,-0.08365744863411796,0.08090892882193335,False
Staraptor,Torkoal,102,-0.0006055893932715112,-0.06877745872662315,0.07060373213966326,False
Eelektross,Sylveon,9,-0.0006617813854837347,-0.09448715302896836,0.0905339941058359,False
Metagross,Scolipede,5,-0.0006665037359213774,-0.07314792864669836,0.06838433537497962,False
Aegislash,Aerodactyl,5,-0.000680126651623976,-0.08829568681106012,0.08411230605730757,False
Gardevoir,Ninetales,6,-0.00070560390514702,-0.09920339323493164,0.09425841026888698,False
Garchomp,Talonflame,96,-0.0007232181160655912,-0.08385108063263294,0.08300688582759615,False
Malamar,Whimsicott,8,-0.0007478388792747345,-0.08658266851873327,0.08549807025641197,False
Hisuian Arcanine,Tyranitar,5,-0.0007571859425543905,-0.10711695050179429,0.10586732656144246,False
Gholdengo,Politoed,9,-0.0007612126431782171,-0.10801563730375471,0.11225073227571794,False
Gengar,Kommo-o,17,-0.0008181419550058222,-0.12362670715839223,0.11712941402713752,False
Incineroar,Swampert,147,-0.0008232862190629869,-0.053146644720155053,0.05186772702895019,False
Raichu,Staraptor,111,-0.000824063830710414,-0.07146023948770212,0.07102291294560212,False
Falinks,Gholdengo,6,-0.00085082796644239,-0.11517786482220979,0.11596966693385843,False
Maushold,Sceptile,6,-0.0008784094258438682,-0.08444991198948981,0.08300321274162299,False
Incineroar,Politoed,90,-0.0008846825773429698,-0.058431052142659236,0.05700980428879772,False
Eelektross,Sneasler,13,-0.0009015815859510228,-0.10176362423884062,0.09891561455762807,False
Ditto,Incineroar,7,-0.0009820353423895983,-0.055391124294437044,0.0526026860882429,False
Gyarados,Raichu,23,-0.0009967126139476036,-0.08408788848433159,0.08480215202017198,False
Jolteon,Pelipper,7,-0.0010064396363020582,-0.09542711584900682,0.09118235789088777,False
Dragonite,Scrafty,28,-0.0010410326047484656,-0.08387282299705057,0.07943987722139745,False
Froslass,Scovillain,80,-0.0010523086351560654,-0.09816109014111028,0.09242910360243166,False
Dragonite,Tyranitar,9,-0.0010571198361287494,-0.09606244662649702,0.08740754453735293,False
Falinks,Incineroar,5,-0.0010640017158051272,-0.057083876261774816,0.05437971101337837,False
Hisuian Samurott,Incineroar,7,-0.001068174051786657,-0.05758465550603376,0.05685236429835686,False
Araquanid,Incineroar,20,-0.0010938317905870335,-0.05779299582320864,0.05392981666891946,False
Corviknight,Sinistcha,40,-0.0010978655145360032,-0.10316240113035269,0.097956593076366,False
Scovillain,Swampert,12,-0.0011129443670127742,-0.10115595406106391,0.09659377644623728,False
Oranguru,Staraptor,17,-0.0011343994923239756,-0.07903808434828796,0.07807442798409231,False
Pikachu,Staraptor,5,-0.0011699315939238287,-0.08458906844733352,0.07976429595610778,False
Alolan Ninetales,Wash Rotom,20,-0.0011790556246549166,-0.09520236947043365,0.08517751536288254,False
Garchomp,Volcarona,9,-0.0011859521056760086,-0.09371566100801017,0.08967671441432422,False
Froslass,Vivillon,5,-0.0011926139252505525,-0.09585881682456855,0.09962897486652192,False
Blaziken,Raichu,26,-0.0012066122530947467,-0.09271182186480191,0.09190340163807219,False
Typhlosion,Whimsicott,6,-0.0012459608450752094,-0.08856318878430612,0.08319167009497322,False
Kingambit,Scizor,5,-0.0012518407558425784,-0.1100450305229034,0.11023880489751081,False
Oranguru,Sylveon,9,-0.0012574807000755967,-0.09116505750387273,0.08754751356632749,False
Abomasnow,Incineroar,14,-0.0012749282223706887,-0.05550048157381489,0.05570092736129909,False
Alolan Ninetales,Glimmora,9,-0.001292804737530917,-0.09914657438987079,0.09696691034313283,False
Milotic,Tsareena,7,-0.001305104913867417,-0.0895766968369974,0.08651951146854202,False
Gholdengo,Scrafty,24,-0.0013186350970372052,-0.09709217007668976,0.09091543232998639,False
Kangaskhan,Venusaur,5,-0.0013204388899902878,-0.08095942883642676,0.07746118031514747,False
Incineroar,Mudsdale,8,-0.001324066142449894,-0.058091750271168974,0.05671410561482398,False
Drampa,Torkoal,11,-0.0013283877729276272,-0.09323486651561064,0.09081545562766227,False
Kingambit,Tinkaton,5,-0.0013348906118191086,-0.11300033445969161,0.10776998885366816,False
Basculegion,Ceruledge,8,-0.0013378744475311506,-0.07005194422932294,0.06616462260845672,False
Eternal Flower Floette,Froslass,12,-0.0013397504050518443,-0.10189074011496761,0.0910042838332524,False
Charizard,Glimmora,35,-0.0013420111488705124,-0.09586905831615881,0.09460369780541253,False
Maushold,Toxapex,7,-0.001342785057678022,-0.08796708436481224,0.0851084929889164,False
Incineroar,Palafin,14,-0.0013479314138928817,-0.0560268169718451,0.051807329081084715,False
Incineroar,Venusaur,197,-0.0013640462335465465,-0.04705513745668542,0.044227023428988065,False
Kingambit,Palafin,11,-0.0013641140959183493,-0.11442811035835908,0.10646492472215036,False
Sceptile,Talonflame,10,-0.0013859082968512091,-0.08758358343732077,0.07939965411736392,False
Garchomp,Incineroar,684,-0.0014253492634812937,-0.0500511797612811,0.04884311146116248,False
Farigiraf,Grimmsnarl,44,-0.0014317448891676809,-0.1009571317822747,0.08846678236555408,False
Paldean Tauros Aqua Breed,Whimsicott,5,-0.0014400953898913577,-0.08776183820601333,0.0800763574565509,False
Golurk,Vileplume,5,-0.0014515287129172473,-0.0922691099770037,0.08927096415365207,False
Clefable,Torkoal,13,-0.001465830548529008,-0.09220793677072013,0.09067969111941697,False
Delphox,Tsareena,11,-0.0014696850597087838,-0.08900698586735827,0.08747102218753756,False
Archaludon,Talonflame,12,-0.0014753225329030726,-0.10320046842875119,0.09771024280151092,False
Altaria,Sneasler,5,-0.0014896366710944874,-0.11079612742412409,0.09746865493123832,False
Garchomp,Gyarados,28,-0.0015082786832234724,-0.08706400799067826,0.08629811379554682,False
Starmie,Tsareena,5,-0.0015171416668876747,-0.08693296873799339,0.09056855073089753,False
Bellibolt,Incineroar,5,-0.0015440656499185336,-0.061424667076196565,0.053782480346410186,False
Politoed,Scovillain,6,-0.0015602028599231961,-0.10937755666804634,0.10150253265140476,False
Excadrill,Metagross,8,-0.0015672128272080008,-0.06983572730290605,0.06464659666642113,False
Blastoise,Garchomp,16,-0.0015717325015467557,-0.09424419833001636,0.09075810356124403,False
Hydreigon,Metagross,208,-0.0015745099779949292,-0.07175168750074071,0.06711124324916455,False
Hawlucha,Incineroar,14,-0.001599024782169109,-0.05698339691533889,0.05527580764186122,False
Gallade,Incineroar,17,-0.0016086472801919768,-0.05891011823024675,0.05376292515194587,False
Alakazam,Sinistcha,6,-0.0016651789846895432,-0.11704420324984724,0.11071064221207624,False
Maushold,Metagross,29,-0.0016876476544831658,-0.06920973023122921,0.06237080974547903,False
Altaria,Kingambit,5,-0.0016911318645994914,-0.1188524519505281,0.11295649749495525,False
Corviknight,Staraptor,5,-0.0017059273100810848,-0.07341866081080349,0.07395152734602027,False
Corviknight,Tyranitar,87,-0.0017218517209121838,-0.09086615434386981,0.08914296079773837,False
Archaludon,Incineroar,166,-0.001777493259182608,-0.06159885004201559,0.05763217242252071,False
Staraptor,Whimsicott,274,-0.0018099799586984476,-0.06468503142981508,0.058496989471880576,False
Heat Rotom,Venusaur,10,-0.001810635239591401,-0.07524898280443967,0.07209098086621071,False
Garchomp,Metagross,313,-0.0018130324194306413,-0.06404872443313465,0.05903371665762231,False
Clawitzer,Torkoal,6,-0.0018131840408836246,-0.09454975600288698,0.08928441860632647,False
Ampharos,Kingambit,6,-0.001829766683596552,-0.1137124621067502,0.11519341878365953,False
Incineroar,Oranguru,8,-0.0018446782403727185,-0.056750384226241235,0.05338328800410649,False
Eternal Flower Floette,Farigiraf,117,-0.0018466249198365926,-0.08118828038618772,0.08951637331352794,False
Kingambit,Meowscarada,8,-0.0019039536077938015,-0.11181315802755859,0.11088944405532904,False
Metagross,Ninetales,5,-0.0019331236304390164,-0.07933988279938028,0.06924917437175772,False
Delphox,Excadrill,6,-0.0019380639912427516,-0.08968482440039609,0.0825969705283399,False
Heat Rotom,Sylveon,13,-0.0019422515607759462,-0.09098524076263433,0.08676984432259605,False
Archaludon,Sylveon,45,-0.001978504457214956,-0.09174242608912003,0.08263085514313923,False
Eternal Flower Floette,Sceptile,21,-0.001984725079921853,-0.10611719184492618,0.09753667953476285,False
Aggron,Incineroar,11,-0.0020220763773882515,-0.05660127475755872,0.052997854948923555,False
Armarouge,Torkoal,6,-0.0020260589536620502,-0.09344143475006424,0.09367849197647504,False
Aegislash,Garchomp,17,-0.002027129303658401,-0.09369649017693849,0.08408792967927223,False
Basculegion,Meowscarada,30,-0.0020437504597258676,-0.07688611782308642,0.06707798420484966,False
Froslass,Grimmsnarl,13,-0.0020441618218272743,-0.10225300954613113,0.1046739224470932,False
Annihilape,Dragalge,6,-0.0020601972775546435,-0.11338085592245281,0.10681671165390358,False
Hisuian Arcanine,Incineroar,9,-0.00206542768783648,-0.05938866520557676,0.05301333978620116,False
Mimikyu,Venusaur,5,-0.0021227057882894198,-0.08147039406207143,0.07565568624625812,False
Raichu,Talonflame,39,-0.0021722703385941935,-0.08861609523875831,0.07926840883997156,False
Tsareena,Tyranitar,7,-0.0021737995702130032,-0.09932724402257727,0.09749679060215366,False
Hisuian Samurott,Hisuian Zoroark,6,-0.0021841406561422115,-0.09999430547850517,0.09379739001093881,False
Frost Rotom,Garchomp,6,-0.002189454970113154,-0.09538488355805945,0.08981720956718402,False
Charizard,Incineroar,475,-0.002213702037060394,-0.056872022670949283,0.04881572364267739,False
Hatterene,Venusaur,5,-0.0022157618938138304,-0.07833560407475602,0.07314351182430914,False
Aerodactyl,Tinkaton,7,-0.002217337630106883,-0.09135723750625423,0.08383509967921415,False
Golurk,Torkoal,39,-0.0022203610824703852,-0.08980267280082851,0.0824654666359254,False
Camerupt,Incineroar,14,-0.002233135148736684,-0.06084880285549254,0.05413158902607047,False
Metagross,Tsareena,10,-0.0022418931187352725,-0.07158918297873876,0.06392730637538248,False
Garchomp,Ninetales,15,-0.002258512528592453,-0.08824102258888658,0.08771397319985827,False
Clefable,Sinistcha,12,-0.0022668623357984816,-0.11355176420094633,0.10350170064373494,False
Clefable,Volcarona,6,-0.0023425475568588693,-0.09427871798245921,0.08877559866722814,False
Froslass,Quaquaval,7,-0.0023542909060003895,-0.09622583788830771,0.08718130833087472,False
Blastoise,Clefable,6,-0.0024062719125230573,-0.096065228905386,0.08652174124265857,False
Sylveon,Talonflame,20,-0.0024167229399177457,-0.09390578770091865,0.07962804623519215,False
Hydrapple,Incineroar,5,-0.0024433030148695357,-0.060939663295479264,0.054085108483979995,False
Gyarados,Maushold,6,-0.0025044189306822453,-0.0892303475470488,0.08129294725378707,False
Scizor,Sneasler,8,-0.0025159782664977144,-0.1052129836690552,0.09901197215076354,False
Alolan Ninetales,Maushold,10,-0.002608794081888813,-0.09207534471704151,0.08782269660428428,False
Charizard,Toxapex,138,-0.002635698069699454,-0.09253653584782723,0.09020685855467604,False
Farigiraf,Golurk,41,-0.0026535725422937033,-0.1007219876669566,0.09743604327812891,False
Kingambit,Meganium,7,-0.0026773156787962536,-0.11118992905001737,0.1044418143916208,False
Incineroar,Scolipede,11,-0.0027101684711533847,-0.0639745118017888,0.05511209631407971,False
Infernape,Sylveon,5,-0.0027184455637960826,-0.08658785674267996,0.08523991658614974,False
Gyarados,Mamoswine,11,-0.002726384292434851,-0.10163138204745595,0.09053382223811537,False
Farigiraf,Steelix,5,-0.002737697166965945,-0.10558186075670259,0.09850886464534989,False
Sableye,Sceptile,8,-0.0027480545232518015,-0.10651387768294004,0.0965143094886445,False
Cofagrigus,Mawile,6,-0.0027753242914741387,-0.09712173280894457,0.08979092417571526,False
Clefable,Malamar,5,-0.0027791895496184892,-0.09541395063065748,0.0917625743483379,False
Glimmora,Whimsicott,62,-0.0027913014999345833,-0.07800412005886909,0.07435715926430145,False
Staraptor,Talonflame,13,-0.002816388880211558,-0.07745120360202604,0.06613618345691129,False
Floette,Pyroar,14,-0.0028195627092549836,-0.0972343638827046,0.09177183233693222,False
Gardevoir,Torkoal,16,-0.002842294493134156,-0.09168257481975016,0.08815945621571371,False
Excadrill,Meganium,7,-0.0028427437806419847,-0.0934231230638902,0.08516370696261584,False
Incineroar,Sylveon,231,-0.0028509672692407563,-0.05176724565037169,0.04731030390187722,False
Excadrill,Tsareena,8,-0.002907625179989443,-0.08553671723569614,0.08195727304068165,False
Froslass,Tyranitar,9,-0.0029242732723332014,-0.09877121991243293,0.09442832510790065,False
Heat Rotom,Swampert,13,-0.0029433524933531563,-0.09656783326472285,0.09238478743425858,False
Basculegion,Clefable,7,-0.0029547602812042494,-0.07397957977107983,0.06608900696403339,False
Garchomp,Orthworm,8,-0.0029770366977917217,-0.09296818508405891,0.08759072982160787,False
Staraptor,Vileplume,47,-0.0029776836529594596,-0.07781914747287703,0.07312509503027041,False
Annihilape,Talonflame,8,-0.0029915734522837378,-0.09627515053924078,0.0898118744541833,False
Meowscarada,Talonflame,17,-0.0029961868714668753,-0.09014052340329513,0.08303991656772074,False
Gholdengo,Swampert,112,-0.003042424710902134,-0.0978886445766436,0.0917416844292332,False
Golurk,Staraptor,19,-0.00305893204395127,-0.08161075853057877,0.07404717257354111,False
Scrafty,Toxapex,13,-0.003083410862177049,-0.09416291210905295,0.08373999340033388,False
Incineroar,Scrafty,42,-0.0030949768589108115,-0.05371941532918692,0.05152043746522113,False
Pelipper,Sceptile,10,-0.0031009515919869766,-0.09029711750169414,0.08126190959041285,False
Ceruledge,Mamoswine,8,-0.0031215535304819964,-0.10340907644539232,0.09441459503151868,False
Delphox,Whimsicott,89,-0.0031651306336454095,-0.07683315882206966,0.06973940015181182,False
Appletun,Kingambit,9,-0.003178537961572375,-0.12212387599874236,0.11150864327436977,False
Meganium,Swampert,12,-0.0032078268524581323,-0.09579867219737054,0.09339492095395949,False
Corviknight,Gholdengo,11,-0.0032197980731328733,-0.09835421283140651,0.08852976861734739,False
Clefable,Incineroar,18,-0.0032411138154854768,-0.06270333595246433,0.04947866479522918,False
Delphox,Scrafty,6,-0.003248965828865001,-0.09325192599247978,0.08877423954290534,False
Sylveon,Vivillon,14,-0.0032673261558547493,-0.09214731795063803,0.08342765118331384,False
Hisuian Typhlosion,Incineroar,7,-0.0032691277662503905,-0.05874516942243031,0.050978897572430994,False
Grimmsnarl,Tinkaton,9,-0.0032888060270693364,-0.11369978478540171,0.10677484032861916,False
Mamoswine,Metagross,15,-0.00330581110991363,-0.08023822257542176,0.06770373843819948,False
Meowscarada,Swampert,9,-0.0033146442502691655,-0.0992067588987893,0.09170267847622054,False
Blaziken,Tsareena,5,-0.0033159489128748785,-0.10280527107471796,0.09724333306144116,False
Excadrill,Pelipper,8,-0.0033169534160571255,-0.09151076798141729,0.08549533479865919,False
Gholdengo,Palafin,5,-0.00333330045992178,-0.11239818102801345,0.11038972124304153,False
Gallade,Vivillon,5,-0.0034131327462511817,-0.1101401570877397,0.09827683389603874,False
Eelektross,Farigiraf,13,-0.0034948809494716425,-0.10828532157866426,0.10130126174873563,False
Delphox,Garchomp,170,-0.0035517930741637816,-0.08320129966629676,0.07959988696098833,False
Alolan Ninetales,Metagross,62,-0.003560851160814461,-0.07911927778203748,0.06829933865022265,False
Azumarill,Sylveon,8,-0.0035745008022761626,-0.09987536319667632,0.09324873237187112,False
Metagross,Staraptor,53,-0.003595027998244868,-0.06427417478585065,0.05493914297680077,False
Jolteon,Swampert,6,-0.0036025071556417734,-0.10046233472432385,0.0926429103246868,False
Floette,Ninetales,11,-0.0036524294190389273,-0.09847915177491715,0.09170698940431936,False
Ampharos,Incineroar,15,-0.0036553020774986044,-0.06484857914805697,0.05226386561304113,False
Metagross,Sableye,83,-0.0036904782676755836,-0.07884852964160426,0.06573549947058374,False
Metagross,Primarina,18,-0.003716336121419557,-0.07376724968084998,0.06556914938838915,False
Scrafty,Talonflame,8,-0.00371879087566623,-0.09210432864579524,0.07883348139018803,False
Sceptile,Sylveon,23,-0.0037212224140268546,-0.09006570178036485,0.07926928891756924,False
Malamar,Sneasler,5,-0.003725460711750615,-0.10283800029973453,0.0953298697499436,False
Dragapult,Eternal Flower Floette,12,-0.003731095651911824,-0.10770089996270404,0.09565479798243277,False
Metagross,Scrafty,21,-0.0037824046086086124,-0.07374073448653534,0.06142419636950716,False
Hisuian Zoroark,Incineroar,17,-0.0037827551127134085,-0.06183238710432841,0.050136065577023756,False
Basculegion,Lopunny,7,-0.003806130839479328,-0.07691089492313444,0.06722433523973328,False
Incineroar,Tinkaton,11,-0.0038123679311572313,-0.061404760342174874,0.04976684123406404,False
Floette,Venusaur,5,-0.0038329599803949444,-0.07562202186356964,0.06778228607846931,False
Golurk,Sylveon,10,-0.0038483379452110052,-0.08782082324021263,0.07931098726380034,False
Pyroar,Sneasler,26,-0.003850456565544042,-0.09962992930492938,0.0919665327145286,False
Hydreigon,Paldean Tauros Aqua Breed,6,-0.0038640464751094274,-0.11134047317939902,0.09883320109662358,False
Pelipper,Staraptor,31,-0.0038815487356447143,-0.07826492255620149,0.07044271703043664,False
Meowscarada,Pelipper,10,-0.003887403315579604,-0.10320590773175785,0.08639306445915745,False
Beedrill,Whimsicott,6,-0.0038983017618044622,-0.08837355295980154,0.07920923069199363,False
Hydreigon,Incineroar,111,-0.0039132703078213794,-0.06262361212659218,0.05301399536581427,False
Clefable,Metagross,5,-0.003923812861774739,-0.07330199966203663,0.06734075101189839,False
Corviknight,Meganium,6,-0.0039532569625921245,-0.09279540882239393,0.08219920447322411,False
Barbaracle,Incineroar,11,-0.003978311242129197,-0.06046159452940966,0.05132561694264691,False
Gardevoir,Kleavor,5,-0.003998544633980869,-0.10357600031632,0.09063018475982691,False
Armarouge,Dragonite,6,-0.004021580565629044,-0.08965209983209793,0.07820718702245304,False
Swampert,Wash Rotom,6,-0.004056854062304204,-0.0952608746285024,0.08883797513796265,False
Hisuian Typhlosion,Staraptor,43,-0.0040857858869104355,-0.0831734136776253,0.06914841377997438,False
Farigiraf,Politoed,13,-0.004102984150394954,-0.10643753946861263,0.09515053296548726,False
Incineroar,Metagross,160,-0.004113489210070545,-0.047725229638745176,0.03809189908714605,False
Garchomp,Umbreon,7,-0.004120547853896037,-0.09478306722716627,0.08349831980540917,False
Farigiraf,Meowscarada,14,-0.004123765665403079,-0.10353369861493686,0.09084906769572432,False
Archaludon,Dragonite,70,-0.004127343100117154,-0.09775455600650852,0.08697584955054947,False
Lycanroc Dusk,Raichu,9,-0.004129803372810565,-0.09311093333149209,0.08277855089075786,False
Grimmsnarl,Malamar,8,-0.004136474670917342,-0.12328057913568531,0.10680588854450605,False
Scizor,Sylveon,9,-0.004145913762914227,-0.08966546650244825,0.0776046740691014,False
Garchomp,Greninja,9,-0.004185733117271886,-0.09819675501786952,0.08673710881927181,False
Aerodactyl,Gardevoir,10,-0.004236634711364834,-0.09039883869567288,0.08180973561379355,False
Excadrill,Sylveon,20,-0.004257533574285996,-0.08737172380665693,0.08012750915483645,False
Grimmsnarl,Hisuian Typhlosion,9,-0.004284012230879671,-0.11648017658231251,0.10589481171271092,False
Aerodactyl,Orthworm,5,-0.004295332264261636,-0.0948158239802325,0.08446106478063872,False
Feraligatr,Incineroar,6,-0.00432589002581063,-0.06564241000853206,0.05060715655198065,False
Sylveon,Venusaur,120,-0.004330879298008997,-0.07160644568815457,0.058863887689739644,False
Dragonite,Maushold,14,-0.004373964748199355,-0.08898797177912302,0.07280068345049114,False
Drampa,Sylveon,6,-0.004379873690889029,-0.09587187825273938,0.08452192946120396,False
Armarouge,Maushold,6,-0.00441292146166633,-0.09341026694599248,0.0796348367730246,False
Heliolisk,Sneasler,5,-0.004420807643968187,-0.10746887847790437,0.09491647104952222,False
Incineroar,Meganium,16,-0.004425375044882572,-0.05928874484272284,0.0449337083986651,False
Maushold,Scrafty,9,-0.004455867365865181,-0.0914541447466526,0.07627428075999347,False
Talonflame,Venusaur,11,-0.004457433858053143,-0.0779889681566313,0.0676766860239054,False
Armarouge,Sinistcha,6,-0.004483765606888953,-0.11762486951865109,0.10749199360882629,False
Bellibolt,Garchomp,12,-0.004501219379131171,-0.09786994891655623,0.0867648607669773,False
Heat Rotom,Pelipper,15,-0.004508371750014176,-0.09706154415554698,0.08384115203738854,False
Incineroar,Vivillon,49,-0.004533701562864244,-0.06337771583846885,0.053349694772586054,False
Heat Rotom,Maushold,5,-0.00453875284826106,-0.08918566475382701,0.07886054728988537,False
Aerodactyl,Wash Rotom,35,-0.004542917587118386,-0.08802169860095209,0.0746908555774249,False
Aerodactyl,Maushold,25,-0.004543712511670707,-0.09051171333313589,0.07615204379737639,False
Froslass,Incineroar,92,-0.0045558450411548445,-0.06169769022666567,0.04881107787313448,False
Archaludon,Garchomp,36,-0.004572422014070171,-0.09251222290282275,0.07941260393472109,False
Blastoise,Talonflame,7,-0.004586090234253168,-0.09292495144826317,0.0826372408329872,False
Gengar,Talonflame,5,-0.004603321280588133,-0.11640047693520028,0.10811160195527196,False
Altaria,Garchomp,9,-0.004612835426993456,-0.09717654712362048,0.08451389294085367,False
Ditto,Kingambit,5,-0.004645041472824771,-0.11925898473808128,0.10799227999136843,False
Dragonite,Talonflame,5,-0.004666085689530173,-0.08726044315537458,0.07425095029712799,False
Kangaskhan,Vivillon,12,-0.004680749692146976,-0.10728968835912436,0.0954344965641885,False
Chesnaught,Farigiraf,9,-0.004695684107347964,-0.10882671648841809,0.09173072123236034,False
Maushold,Sableye,10,-0.00470207725751475,-0.10240739330444243,0.08972640412979653,False
Alcremie,Sinistcha,8,-0.004726218119854468,-0.1167490525669784,0.11087315505923118,False
Blastoise,Sneasler,107,-0.004739641403724575,-0.09967354797202879,0.0871123100328408,False
Dragonite,Mamoswine,11,-0.00474131790490685,-0.09671566954276878,0.08418372898248436,False
Chandelure,Wash Rotom,6,-0.004743969360839241,-0.10188441584682781,0.08753745409516579,False
Hydreigon,Scizor,5,-0.004756501919948437,-0.11014561375406384,0.09914339748490462,False
Ceruledge,Hisuian Samurott,6,-0.004817129149994479,-0.10257267503326313,0.09115007421156517,False
Metagross,Sceptile,10,-0.0048670016329715755,-0.07446311925436296,0.0624784783195597,False
Metagross,Pyroar,6,-0.00488332736100987,-0.08223845238460817,0.07045637874416484,False
Charizard,Metagross,195,-0.004898706056728435,-0.07526561181552215,0.0624439156812688,False
Aggron,Farigiraf,10,-0.004906449805683758,-0.10907306208494656,0.09522078001673538,False
Chandelure,Sneasler,15,-0.004913627586519485,-0.10317226797049119,0.09345517165506921,False
Corviknight,Mimikyu,7,-0.004915332965759366,-0.09645057730484077,0.08062187806466974,False
Aerodactyl,Meganium,13,-0.004959441440441873,-0.09063762717689249,0.07788635986921709,False
Charizard,Sneasler,216,-0.0049813502225546195,-0.08372028724964894,0.06770247419402971,False
Incineroar,Maushold,137,-0.005029592643031553,-0.05966250819398234,0.04428769475139949,False
Eternal Flower Floette,Venusaur,34,-0.005064809972727776,-0.08276539566875508,0.07940510033148272,False
Incineroar,Torkoal,143,-0.005091916919733788,-0.05730093037891817,0.044219855830377575,False
Corviknight,Incineroar,21,-0.0051131523173605095,-0.06075271688161721,0.0445632897006016,False
Gardevoir,Swampert,22,-0.005142890499759926,-0.09637524498721955,0.08870981802901699,False
Raichu,Venusaur,30,-0.005144297913668485,-0.07952494582854351,0.06536728240012152,False
Scrafty,Wash Rotom,8,-0.00514936707334837,-0.09032545502611222,0.07848319472160831,False
Grimmsnarl,Meganium,11,-0.0051612562677969,-0.11220750831736583,0.09646800117934759,False
Incineroar,Malamar,7,-0.005166561293338213,-0.06645954969430615,0.050094337462420965,False
Incineroar,Kommo-o,38,-0.005177290108649907,-0.06215778006670431,0.05085763311679384,False
Gardevoir,Metagross,7,-0.0051819326005805525,-0.08020325654495841,0.06122745520674907,False
Garchomp,Pyroar,40,-0.005189721279561429,-0.09966307807983844,0.07776924494978664,False
Charizard,Clefable,5,-0.005194711451043488,-0.11062735144516743,0.09852264212226956,False
Charizard,Venusaur,224,-0.005209220893859664,-0.07952111228109907,0.06669350740797,False
Eelektross,Incineroar,30,-0.005223992523013237,-0.06708356978404496,0.05118416876302928,False
Garchomp,Gengar,26,-0.005225111898719883,-0.09816128080029142,0.0887020072301462,False
Primarina,Scrafty,10,-0.005238460531308117,-0.09544305124742947,0.08068172570567185,False
Mawile,Venusaur,23,-0.005259584738879667,-0.07653490826469876,0.06433718521219718,False
Gengar,Hydreigon,8,-0.0052821557483287065,-0.12021931380581573,0.11405492626161454,False
Ceruledge,Scrafty,14,-0.005347072976930476,-0.0949371110661794,0.08346228847521946,False
Gholdengo,Tsareena,12,-0.0053520938604316995,-0.11306417106256188,0.09834951311113942,False
Annihilape,Wash Rotom,5,-0.00536624648148087,-0.09991271198214222,0.08598594846247667,False
Basculegion,Drampa,5,-0.0053705469492442304,-0.07901352546584922,0.06752113169383338,False
Camerupt,Primarina,6,-0.005383214176934109,-0.10636106786562259,0.08583867135989022,False
Delphox,Gholdengo,21,-0.005392663122190905,-0.11343590495599816,0.09389425431556538,False
Metagross,Talonflame,41,-0.005398465086415799,-0.07237645383065161,0.05581829974915054,False
Annihilape,Clefable,7,-0.005422860628575753,-0.10203878366115067,0.09053476901576714,False
Excadrill,Farigiraf,12,-0.005463221830105851,-0.10042476524270873,0.08887337028753618,False
Primarina,Venusaur,14,-0.005468439799466,-0.0831956032457159,0.06913607726613975,False
Overqwil,Swampert,16,-0.0054874516879222105,-0.09770095299987326,0.08428234458278683,False
Basculegion,Starmie,5,-0.005487966398226673,-0.08484082663578461,0.06761073543004843,False
Blastoise,Charizard,5,-0.005489376869464262,-0.1160244116517968,0.09945686913848105,False
Metagross,Palafin,9,-0.00550133109487536,-0.07662036360911044,0.06206470561740037,False
Archaludon,Heat Rotom,10,-0.005501338400459744,-0.11094910024433471,0.09745404647507748,False
Alakazam,Whimsicott,5,-0.0055018476878612175,-0.09430874797936852,0.07647343488760262,False
Gholdengo,Hisuian Typhlosion,20,-0.005545399484411735,-0.10902631017212147,0.09685066544970489,False
Metagross,Overqwil,9,-0.0055644685732341905,-0.07575770325285242,0.06005461634767109,False
Raichu,Toxapex,5,-0.005581168349724629,-0.09800932664557954,0.07949508670833129,False
Ampharos,Clawitzer,7,-0.005585016135618253,-0.10735719377291307,0.0900067173845392,False
Scolipede,Sinistcha,7,-0.005586431880321086,-0.11784301386385163,0.1073158468626543,False
Gardevoir,Hisuian Typhlosion,6,-0.005590650174028589,-0.10310734254699327,0.0841159481895632,False
Corviknight,Milotic,8,-0.005597491340530137,-0.09020646757823184,0.07455412015048672,False
Annihilape,Volcarona,6,-0.005607445464836316,-0.10698015730052608,0.09341487182736402,False
Drampa,Farigiraf,10,-0.0056403714445731135,-0.10978353736011372,0.09736817956617475,False
Basculegion,Meganium,18,-0.005640535967675262,-0.07643782381564669,0.060854328637723665,False
Camerupt,Sinistcha,11,-0.005652474421588306,-0.11797214343368434,0.10716435808668466,False
Basculegion,Lucario,9,-0.0056904868511297325,-0.08233728248643742,0.06463412925646463,False
Incineroar,Vileplume,25,-0.005722478625095103,-0.062272928212394024,0.046202757984067575,False
Kangaskhan,Staraptor,16,-0.005805795895203296,-0.08708397848473508,0.07519602133908354,False
Tyranitar,Venusaur,42,-0.00580685595624938,-0.08667852077886776,0.07431478879491699,False
Oranguru,Whimsicott,5,-0.005836066378931123,-0.09070994179288619,0.07509189521239627,False
Grimmsnarl,Kangaskhan,7,-0.005848098827381441,-0.12128577019914644,0.10369254444439123,False
Espathra,Sableye,5,-0.0058558903547713224,-0.12294250537189096,0.10136452093287528,False
Steelix,Sylveon,6,-0.005918083017888947,-0.10062460355377839,0.08525613381502727,False
Gardevoir,Pyroar,9,-0.005944240540406732,-0.10277858158816032,0.08910966504202773,False
Garchomp,Gardevoir,39,-0.005958256626271724,-0.0925019056514173,0.08181351198715611,False
Bellibolt,Farigiraf,7,-0.006020838251612148,-0.107985313679877,0.09156551025190418,False
Mawile,Oranguru,6,-0.006032239775641619,-0.10355469501444575,0.0863594346333999,False
Aegislash,Sylveon,7,-0.006067548105629242,-0.09589545847767585,0.0824974741998171,False
Pelipper,Starmie,10,-0.006070047522489298,-0.09867910264184938,0.08643927128415729,False
Basculegion,Talonflame,51,-0.006072229341218735,-0.07738752197852174,0.05702035264071649,False
Cofagrigus,Farigiraf,5,-0.0060974012376469955,-0.11155434176873529,0.09623659412191188,False
Hydreigon,Torkoal,9,-0.0061276771713705555,-0.10524837593760204,0.0920681239298218,False
Delphox,Meowscarada,8,-0.006142183815658517,-0.10146740870527736,0.08350561679218442,False
Metagross,Whimsicott,149,-0.006142985068800783,-0.06436233648947913,0.05216155800848981,False
Annihilape,Ninetales,8,-0.006146097629101826,-0.11017119841453013,0.09425568010259733,False
Ceruledge,Froslass,7,-0.0061556051620750485,-0.09985964441062192,0.08009134040852824,False
Garchomp,Scovillain,27,-0.006189689021485498,-0.09853226321986305,0.0787558003304354,False
Eelektross,Swampert,7,-0.0062019567283879366,-0.10410425929851691,0.08968931720538437,False
Metagross,Raichu,28,-0.006205414585735672,-0.07826272323844385,0.060291912548445147,False
Alolan Ninetales,Gholdengo,25,-0.006246011130200122,-0.11479010341153036,0.09428075733737083,False
Froslass,Staraptor,12,-0.0063079134471303025,-0.08703798737487145,0.06806967665610748,False
Archaludon,Overqwil,17,-0.006320598302906819,-0.11418073432833425,0.09651704552036819,False
Archaludon,Meowscarada,7,-0.006333347290681132,-0.1176823149257414,0.09988004619388206,False
Scizor,Sinistcha,11,-0.006352269725364636,-0.11786380457703147,0.1007485353615666,False
Staraptor,Venusaur,43,-0.006354840842225356,-0.0722062818826944,0.05165940339808666,False
Basculegion,Gardevoir,29,-0.006356651413469885,-0.08164793283196807,0.06350216724798523,False
Glimmora,Toxapex,6,-0.006385537885484183,-0.10899736218300153,0.08840282792819926,False
Eternal Flower Floette,Vileplume,17,-0.006408386189252451,-0.10825349047949542,0.09379487756814868,False
Basculegion,Gliscor,5,-0.006410456344221438,-0.08088412310625778,0.06288741196541754,False
Ninetales,Venusaur,10,-0.006480209559918696,-0.08513708191675387,0.06714467052911907,False
Excadrill,Talonflame,7,-0.006484630163120524,-0.09460798844892543,0.07785644737673933,False
Meowscarada,Metagross,5,-0.006490815471284792,-0.0777894704287854,0.06481208628263772,False
Garchomp,Oranguru,5,-0.006566158913959755,-0.10272380305742247,0.08162739954939527,False
Raichu,Whimsicott,253,-0.006580775619930932,-0.06989334009252199,0.057106063797082454,False
Basculegion,Weavile,11,-0.006584513969432746,-0.0846888780860324,0.062136344459070895,False
Sinistcha,Talonflame,34,-0.006600131039971804,-0.10578041881530592,0.09283090055927475,False
Meowscarada,Staraptor,6,-0.006612811748670173,-0.083288089783404,0.06587723221085985,False
Sneasler,Vileplume,5,-0.006619229477357609,-0.1137668188662342,0.09959456498688495,False
Hisuian Zoroark,Staraptor,5,-0.006686647542900937,-0.08660916001093011,0.06984356694611181,False
Aerodactyl,Garchomp,617,-0.006689850884514361,-0.0785582539954013,0.0549611225663424,False
Maushold,Pyroar,7,-0.006732844612417965,-0.10136866500662509,0.08123455321723924,False
Scizor,Whimsicott,9,-0.006748842237807018,-0.08834087021852975,0.07366748183553715,False
Clefable,Staraptor,10,-0.006785560801630894,-0.08621585586490864,0.06521756465275765,False
Clefable,Scrafty,7,-0.006790834542887623,-0.09666377884848822,0.0788550643372587,False
Alolan Ninetales,Venusaur,11,-0.00682927309057261,-0.08942018164096753,0.06881221008885018,False
Eternal Flower Floette,Hydreigon,30,-0.006855549567982602,-0.10928386413806274,0.0881494884283047,False
Clefable,Gholdengo,8,-0.006873985698153904,-0.12034602124848091,0.09884613331576424,False
Gardevoir,Venusaur,8,-0.006891066304223985,-0.0844774511273436,0.06897327025167864,False
Aerodactyl,Meowscarada,8,-0.006906693447014183,-0.09787258992410856,0.0822967417116881,False
Espathra,Incineroar,6,-0.006907871488254343,-0.07014856187430152,0.048044390773227245,False
Hydreigon,Kingambit,10,-0.006927725952947597,-0.1033718122720605,0.09038256873992713,False
Cofagrigus,Torkoal,5,-0.006931903111320654,-0.09898252912997436,0.08095738320597541,False
Hawlucha,Snorlax,17,-0.006977385808726679,-0.12121698947784058,0.10025082421793563,False
Raichu,Sceptile,10,-0.006991590126852379,-0.0939009926292318,0.07766641966386281,False
Grimmsnarl,Incineroar,222,-0.0070398765638545035,-0.06777914573793035,0.05516640211594756,False
Infernape,Whimsicott,6,-0.0070585516144336105,-0.09154710979402125,0.07757307720993986,False
Palafin,Sneasler,5,-0.007088753548733817,-0.10821460172470784,0.09086281498629223,False
Charizard,Swampert,21,-0.007156971421661761,-0.1061458410140998,0.08502171888296496,False
Scrafty,Sneasler,40,-0.007175129557664975,-0.1005658183322299,0.07776170845880813,False
Clefable,Raichu,15,-0.007187425444288477,-0.09936463841245363,0.07562464339277895,False
Golurk,Sinistcha,7,-0.007222273292854559,-0.12184084119146588,0.10228933175221035,False
Steelix,Whimsicott,5,-0.007223716953405259,-0.08798344116424296,0.07303031177357384,False
Gliscor,Sneasler,10,-0.007234553562780766,-0.10716784409729127,0.09115518461797659,False
Kangaskhan,Wash Rotom,5,-0.007258581144767041,-0.1037876441397315,0.08601782607402207,False
Lucario,Talonflame,9,-0.007285860347291724,-0.09894636184686148,0.07999698888565794,False
Dragonite,Grimmsnarl,14,-0.007302633329661536,-0.1059468657583251,0.08791339099020674,False
Annihilape,Raichu,20,-0.007306695591165169,-0.09933794785477221,0.08254769120526942,False
Gholdengo,Primarina,14,-0.00731616797258701,-0.11100999858340385,0.09296007096064071,False
Alolan Ninetales,Froslass,10,-0.007317636220129822,-0.10773826622441518,0.08838947929751977,False
Gholdengo,Mawile,10,-0.007319908063365981,-0.1137775933105011,0.09772400780425605,False
Delphox,Eternal Flower Floette,174,-0.007345889963725165,-0.09560229534330833,0.07732415641601029,False
Pelipper,Raichu,104,-0.007359272933762886,-0.08775908802625355,0.06939864124655064,False
Staraptor,Swampert,26,-0.007406803926785637,-0.08444266022247346,0.06772091545401332,False
Empoleon,Sinistcha,5,-0.007415452297728984,-0.1218664119408478,0.10818740607783889,False
Clefable,Tyranitar,6,-0.007422272810956781,-0.11164504934347608,0.09443050034062617,False
Oranguru,Sinistcha,9,-0.007471083241775336,-0.12441841348644982,0.10743253603288463,False
Froslass,Scrafty,10,-0.007471717857683195,-0.0964598699768584,0.07299230684680777,False
Ampharos,Cofagrigus,7,-0.007499856540637387,-0.10857740931589335,0.08969862185276141,False
Primarina,Sceptile,6,-0.007509288697700473,-0.0982950201358455,0.07924810803160592,False
Pelipper,Sneasler,170,-0.0075471409718460515,-0.08251798852332205,0.07564323407538845,False
Pelipper,Tsareena,14,-0.007557387492365616,-0.10193688956100926,0.07930175953307096,False
Aerodactyl,Drampa,5,-0.0075823586317018575,-0.10210154864189815,0.07650994174111056,False
Sableye,Tinkaton,9,-0.007588265158867793,-0.11915885138876597,0.09993949054822099,False
Charizard,Gyarados,6,-0.007591944402795563,-0.11647310730074922,0.09169049984700524,False
Chandelure,Raichu,7,-0.007637939159761297,-0.10164142645940279,0.07842944586555563,False
Clefable,Milotic,7,-0.007656185584957988,-0.10435010197376958,0.08042514423397502,False
Delphox,Wash Rotom,19,-0.007665069601572898,-0.0991877213940128,0.07750920705312428,False
Aerodactyl,Gyarados,10,-0.007675205271561524,-0.09783819523270658,0.0742483182215536,False
Meganium,Sneasler,14,-0.007705265245329741,-0.10837416503142444,0.08861158516156745,False
Dragalge,Staraptor,5,-0.007727814331975025,-0.09233410007142444,0.07460389748719094,False
Blaziken,Metagross,38,-0.007736661648998788,-0.08339731323159741,0.06810351886693532,False
Scizor,Scrafty,8,-0.007750864459575899,-0.097636885771676,0.07271411942671964,False
Incineroar,Meowscarada,11,-0.007770786778767428,-0.07120955783632443,0.047257528029702914,False
Dragonite,Swampert,39,-0.007779983431419419,-0.09326733400937433,0.07397606766908256,False
Mamoswine,Sinistcha,20,-0.007788214695205351,-0.11391263577950862,0.10184111164849156,False
Sableye,Venusaur,67,-0.0077945018777763105,-0.08387917168758273,0.0672468880479514,False
Garchomp,Venusaur,228,-0.007802337936210313,-0.07833961741938929,0.05433499683171738,False
Mow Rotom,Raichu,5,-0.007810267103787236,-0.09824225179445967,0.07767932906070033,False
Basculegion,Eelektross,31,-0.007822010885216245,-0.0843170461697745,0.06127570706389377,False
Alolan Ninetales,Archaludon,8,-0.00782492790107145,-0.11948945893560536,0.09871261969504593,False
Espathra,Gholdengo,5,-0.007845679068385777,-0.1213587741574742,0.10237197845051645,False
Dragonite,Gengar,24,-0.007873897923018704,-0.11147643032541224,0.0925838407862075,False
Lucario,Sylveon,6,-0.007874270913760978,-0.1010980495585815,0.0767618528006887,False
Greninja,Incineroar,9,-0.007885351849867429,-0.06935779714462718,0.0473955348474825,False
Archaludon,Milotic,5,-0.007888188930449163,-0.11242172969228645,0.09489283705263046,False
Delphox,Froslass,12,-0.007983825831648927,-0.1026190219287074,0.08313484973203454,False
Garchomp,Scizor,9,-0.007990931413939856,-0.09745675499166316,0.0770783009714637,False
Basculegion,Grimmsnarl,136,-0.008034073758742318,-0.07225530599360666,0.060069093596867004,False
Gyarados,Metagross,5,-0.008049676160797872,-0.07919456733188,0.06033815247379935,False
Farigiraf,Incineroar,383,-0.008067215370295039,-0.06366000550697137,0.04508035117616652,False
Grimmsnarl,Machamp,5,-0.008072587208551456,-0.12234878170764289,0.10457430585234655,False
Milotic,Wyrdeer,5,-0.00814190518294421,-0.10571944629301758,0.08356266013961036,False
Clefable,Swampert,6,-0.008163401352827051,-0.10244888427433224,0.08017440022289186,False
Basculegion ♀,Garchomp,11,-0.008182620438046908,-0.10145566466824084,0.0782070009085969,False
Paldean Tauros Aqua Breed,Scolipede,5,-0.008188958787245078,-0.11334852309006313,0.09116435737450587,False
Mamoswine,Raichu,30,-0.008190516355224317,-0.0975036607324302,0.08102467794929906,False
Meganium,Wash Rotom,5,-0.008202237301235663,-0.09957608586683794,0.07533399846290119,False
Metagross,Weavile,6,-0.008219657717661732,-0.08150820757918431,0.057150624264191416,False
Ceruledge,Garchomp,22,-0.008239777502888332,-0.09049558088402986,0.08093754754833955,False
Corviknight,Ninetales,5,-0.008271341650415322,-0.10513339458054471,0.08249555304684938,False
Pelipper,Whimsicott,60,-0.008309934318245085,-0.07937245867797683,0.0624731750451384,False
Aerodactyl,Starmie,7,-0.00836795076508524,-0.09958347956443002,0.073019319664773,False
Gengar,Tinkaton,9,-0.008385882681195264,-0.12367656944881397,0.10639972408166955,False
Swampert,Tsareena,12,-0.008398539638386389,-0.10313239564791268,0.08261158900004734,False
Basculegion,Staraptor,156,-0.008424543051762115,-0.06788555227367751,0.04600620915528895,False
Hydreigon,Staraptor,13,-0.008459077558919503,-0.09620347110273886,0.07462979492021236,False
Froslass,Frost Rotom,6,-0.008493273075697926,-0.11020923471279544,0.0799882197516831,False
Annihilape,Dragonite,7,-0.008544221310749386,-0.09904216236732608,0.0756495307354855,False
Ditto,Sneasler,5,-0.008590981277079886,-0.11103222958180087,0.09062714487452488,False
Archaludon,Hydreigon,23,-0.008606243172672825,-0.11627651108303493,0.0932019959175932,False
Eelektross,Scrafty,5,-0.008630542062236327,-0.10322068700600323,0.08401378287777983,False
Eelektross,Metagross,19,-0.008671290710472465,-0.0848937173589164,0.06194511033531873,False
Basculegion,Toxapex,9,-0.008721537883823249,-0.08654507005654491,0.05701681025253328,False
Scrafty,Venusaur,57,-0.00877459690900862,-0.08154670605832398,0.05859987379301785,False
Maushold,Primarina,6,-0.00878255983440317,-0.09992228204506033,0.07525117092286891,False
Dragapult,Swampert,5,-0.008800257223472656,-0.1071065893203368,0.08212400293186338,False
Gengar,Incineroar,180,-0.008802497514685557,-0.07595941315735401,0.05153783253144213,False
Grimmsnarl,Overqwil,6,-0.008809126181066166,-0.11705930699196787,0.09623849062183247,False
Hisuian Samurott,Whimsicott,8,-0.008856673993110353,-0.09621084216610028,0.07375481837556888,False
Hisuian Zoroark,Weavile,5,-0.008863612721251557,-0.10235710313672948,0.07950587175042763,False
Grimmsnarl,Staraptor,181,-0.0088637963519322,-0.09167446667128157,0.06808380104082601,False
Milotic,Scrafty,14,-0.008868360453999075,-0.0918289550764171,0.07418370015786256,False
Aggron,Basculegion,9,-0.008872454286792238,-0.0834007854183699,0.061757015063093015,False
Basculegion,Hisuian Zoroark,5,-0.008894827655776545,-0.08360071207893903,0.06216202767955061,False
Aggron,Sneasler,7,-0.008947567472837047,-0.11267624863449918,0.09534969089418714,False
Dragonite,Toxapex,15,-0.008962422533175545,-0.09762447873511167,0.07197839386995496,False
Grimmsnarl,Milotic,52,-0.009058766934999279,-0.09941363848410772,0.08890518851636667,False
Clefable,Mamoswine,9,-0.009101931849879168,-0.10934812553787601,0.0853633023632036,False
Greninja,Whimsicott,6,-0.009121011279054458,-0.0924119188352065,0.06905115476229516,False
Kommo-o,Milotic,8,-0.00914354416710833,-0.10473660032507451,0.08357893732360505,False
Golurk,Incineroar,14,-0.009151267224909384,-0.07132840439857487,0.04301591314388337,False
Jolteon,Raichu,9,-0.009154636547637223,-0.10217527306610907,0.07456887486534929,False
Eternal Flower Floette,Glimmora,8,-0.009191755119823735,-0.11572178190954382,0.09264198761705235,False
Aerodactyl,Floette,5,-0.009213439978374274,-0.09791562325786028,0.06917621902069813,False
Delphox,Hisuian Samurott,8,-0.009221955372195067,-0.11016618451772307,0.08319347332611349,False
Grimmsnarl,Vileplume,5,-0.009262299581564645,-0.11865164534633833,0.09866746533161565,False
Dragonite,Sylveon,19,-0.009274444285697233,-0.08849573548591892,0.06516319803399792,False
Eelektross,Staraptor,10,-0.009276361305414142,-0.09361255470677494,0.07043241657378099,False
Ditto,Raichu,6,-0.009324571496492962,-0.10299852059091016,0.07724563429475077,False
Garchomp,Kingambit,1156,-0.00933219026608483,-0.0729615368244875,0.05377663223533524,False
Kangaskhan,Maushold,10,-0.009368465039011597,-0.1001994954225962,0.07627131351126777,False
Eternal Flower Floette,Kommo-o,5,-0.009408658728224077,-0.11493327838214232,0.09987893637207348,False
Archaludon,Scrafty,8,-0.009496188266836809,-0.10483460137174506,0.08617859089429199,False
Farigiraf,Volcarona,5,-0.00954782617080564,-0.11348872701406518,0.08902295827365811,False
Grimmsnarl,Volcarona,11,-0.009566729887441006,-0.11621917119175862,0.09547003166976599,False
Clefable,Farigiraf,14,-0.009622709942974561,-0.11231065166858759,0.08586188871629057,False
Lycanroc Dusk,Pelipper,10,-0.009633156378651014,-0.10166885104017039,0.07772810599893598,False
Pyroar,Venusaur,62,-0.00965019163812756,-0.08904036376203246,0.06421702860984065,False
Glimmora,Talonflame,9,-0.009759621008965278,-0.10521687958363768,0.0784068169471035,False
Meganium,Whimsicott,8,-0.009791431660084478,-0.08721545498441119,0.06725718357352908,False
Drampa,Mawile,6,-0.009916950293485619,-0.1091341490859383,0.08384186567997497,False
Dragonite,Wash Rotom,9,-0.009953651884138631,-0.09369560145947356,0.06687962612791074,False
Sinistcha,Steelix,12,-0.01001963179725699,-0.12147947337004582,0.09699749699226995,False
Grimmsnarl,Talonflame,6,-0.010022259669650724,-0.11620410684135372,0.08932026702631687,False
Aerodactyl,Kingambit,570,-0.010070341907268607,-0.08807779171146919,0.06747337033785789,False
Pelipper,Runerigus,7,-0.010112600117919271,-0.11154536652764802,0.08295898779169937,False
Heat Rotom,Primarina,5,-0.010165474142548097,-0.10849681576205689,0.08005530517536227,False
Archaludon,Primarina,6,-0.01018030689237146,-0.11937884062848153,0.0964853396146454,False
Mamoswine,Maushold,5,-0.010190705446250593,-0.10242779109557255,0.07778898132664905,False
Maushold,Staraptor,33,-0.010250443634980747,-0.08725041496189323,0.058368898946852515,False
Mawile,Tyranitar,21,-0.010276494361098234,-0.10696461766278792,0.08806203790535781,False
Froslass,Sinistcha,47,-0.010304576787172386,-0.1182154586613792,0.08764746068068469,False
Alolan Ninetales,Tsareena,11,-0.010396155037865305,-0.11054747922526748,0.08397635097821914,False
Camerupt,Vivillon,7,-0.010407335241829224,-0.11838678159967736,0.09329218229439092,False
Incineroar,Pelipper,156,-0.010425642629620731,-0.066965414710229,0.039797433222347744,False
Dragapult,Sneasler,19,-0.010453947464911548,-0.11562801476506997,0.08624659980181881,False
Kommo-o,Whimsicott,10,-0.010470640957520132,-0.09331312543482718,0.07245936314595142,False
Archaludon,Blastoise,11,-0.010498100628095263,-0.12038316953446955,0.09150617868838916,False
Delphox,Torkoal,7,-0.010529937074310205,-0.09751465772928282,0.07244008234605114,False
Gengar,Sylveon,24,-0.010538770281049784,-0.1085510600175289,0.08350443570117097,False
Mawile,Raichu,47,-0.010546422484141876,-0.10144434778665178,0.07302791247468894,False
Basculegion,Garchomp,1089,-0.010555266966101309,-0.07288580651340532,0.0398220147918631,False
Maushold,Wash Rotom,6,-0.010582804041943688,-0.09925294738767017,0.07261300015835714,False
Sinistcha,Tinkaton,11,-0.01058361733971466,-0.1290187183952171,0.1014843329998908,False
Charizard,Kommo-o,7,-0.010609248284155895,-0.12258334277486527,0.09024397273724043,False
Kangaskhan,Sneasler,13,-0.010628387328183497,-0.10896277843085625,0.08402930486830397,False
Hydreigon,Milotic,19,-0.01075237589886878,-0.10759052943423296,0.08433908265327236,False
Talonflame,Wash Rotom,25,-0.010782799603096948,-0.10227185838244691,0.06958591149085215,False
Alolan Ninetales,Basculegion,94,-0.010805733682971233,-0.07825360575478203,0.05061849961384916,False
Mamoswine,Talonflame,5,-0.010819043715592532,-0.10310452803634203,0.08000568255610903,False
Farigiraf,Lucario,5,-0.010835532428493798,-0.11265019434614446,0.086949202366596,False
Milotic,Talonflame,8,-0.010857248975410308,-0.10135360579533328,0.0704819676708477,False
Overqwil,Pelipper,25,-0.010973973937971407,-0.10135189652625326,0.07249847460657524,False
Swampert,Weavile,7,-0.011016853325039225,-0.10673311639310115,0.07748726878945378,False
Hisuian Zoroark,Whimsicott,18,-0.01104278226213347,-0.0891180037205824,0.06636260104364003,False
Gallade,Grimmsnarl,7,-0.011050420655026675,-0.12294957856227123,0.09576611196812974,False
Delphox,Metagross,6,-0.011057764577507677,-0.08251543772474024,0.057328881016393336,False
Kingambit,Pyroar,29,-0.011062567028782671,-0.11683763436303098,0.09644189214995467,False
Froslass,Hisuian Arcanine,32,-0.01106610586258133,-0.10153627239771251,0.07384180195984369,False
Azumarill,Maushold,6,-0.011078721726798111,-0.10909773158399859,0.08309476608886383,False
Alolan Ninetales,Meowscarada,9,-0.01110148956582515,-0.11821329585035621,0.09451342325146922,False
Mawile,Staraptor,44,-0.011209781966705586,-0.08938018209397493,0.05920164838184374,False
Sceptile,Sneasler,37,-0.011250509470396693,-0.10872962160709783,0.07936293167985971,False
Dragapult,Whimsicott,7,-0.011260504131954167,-0.09605149457901892,0.0686641118182201,False
Garchomp,Infernape,6,-0.0112802508133265,-0.10182814527385596,0.07178179304633768,False
Kingambit,Steelix,5,-0.011388542243560446,-0.1282032691176348,0.10009925889477304,False
Aerodactyl,Ceruledge,8,-0.011408738120273838,-0.10233748756348807,0.0711740454373552,False
Clawitzer,Farigiraf,12,-0.011430618622639966,-0.11499290651698783,0.09052872318533915,False
Charizard,Grimmsnarl,147,-0.011437310310421915,-0.10644996092701454,0.08279713166581587,False
Dragonite,Politoed,11,-0.011468888015275394,-0.11246793904457959,0.07445490185186013,False
Archaludon,Charizard,29,-0.011474193029257491,-0.11098877034140261,0.08885196682000887,False
Charizard,Maushold,34,-0.011474373606278952,-0.10142293254333944,0.07149891459619546,False
Meganium,Tyranitar,11,-0.011561992857120514,-0.11735896013688708,0.08494280304962576,False
Hatterene,Scrafty,9,-0.011571180232937755,-0.10207610375773371,0.0775723375068104,False
Aerodactyl,Sceptile,47,-0.011638376382008452,-0.10045018716183739,0.06623717979428323,False
Golurk,Kingambit,5,-0.011668412185028383,-0.12622887429621701,0.09995615786837615,False
Delphox,Hydreigon,13,-0.011702631253223097,-0.11062018268710355,0.08717946057273837,False
Basculegion,Sceptile,55,-0.011730037303911587,-0.08815867990174285,0.051636040105964266,False
Eelektross,Whimsicott,36,-0.01178913609758268,-0.09648911342328662,0.06974238320278033,False
Kingambit,Raichu,115,-0.011801185530814573,-0.09698522908663867,0.07047324474126435,False
Archaludon,Weavile,5,-0.01181060171486864,-0.11704846270859891,0.08871667164116154,False
Lycanroc Dusk,Sylveon,12,-0.011820238897777623,-0.09823133438268096,0.07162366775420945,False
Clefable,Pelipper,9,-0.01189877874902803,-0.1079767448073506,0.0766932429988869,False
Annihilape,Excadrill,5,-0.011904379248395283,-0.10580372622800013,0.07941310212419762,False
Hatterene,Kangaskhan,11,-0.011949235344220125,-0.11451285161310706,0.08213759266071413,False
Raichu,Starmie,7,-0.012086650301975326,-0.11031805795451106,0.07041061816462527,False
Floette,Raichu,10,-0.012128371060639544,-0.10077256144770655,0.06708211432118863,False
Basculegion,Dragapult,7,-0.012129010676291112,-0.0905330554404534,0.05673762684750689,False
Alolan Ninetales,Hisuian Samurott,5,-0.012138625010693271,-0.1148049050139064,0.08656850923937956,False
Eternal Flower Floette,Metagross,46,-0.012190128287516883,-0.08655328194190337,0.06334465404653984,False
Ninetales,Sylveon,22,-0.012191665551980804,-0.10190085911805472,0.0726524419029181,False
Steelix,Wash Rotom,5,-0.012290534575298778,-0.10851727446158466,0.07450172027004949,False
Eelektross,Eternal Flower Floette,7,-0.012294315324182126,-0.1231156195434254,0.0917492610610081,False
Archaludon,Runerigus,5,-0.012329482539074212,-0.12655969623533414,0.08801360912834731,False
Basculegion,Maushold,51,-0.012333159199462308,-0.08252428149184753,0.048955071983215796,False
Metagross,Tyranitar,30,-0.01233386068651783,-0.09332631501062227,0.06275967797137033,False
Dragalge,Incineroar,35,-0.012345297155761497,-0.07830884022912248,0.04328510821667008,False
Charizard,Umbreon,5,-0.012346610245170553,-0.12327080601483825,0.09504160776374856,False
Alolan Ninetales,Grimmsnarl,12,-0.012357557778658624,-0.12045142424608316,0.09362746264823796,False
Charizard,Gliscor,6,-0.012373197066412791,-0.12076573989788315,0.09092487187756246,False
Archaludon,Gardevoir,22,-0.012428836586481059,-0.11754964568918908,0.08633550455115556,False
Ceruledge,Venusaur,8,-0.012475780038775162,-0.0933712791385454,0.058913017685499766,False
Annihilape,Eelektross,8,-0.012489023866608152,-0.11727521973217192,0.08971127315448592,False
Palafin,Pelipper,13,-0.01252705034381791,-0.11001621021157251,0.07639085005649024,False
Eelektross,Milotic,5,-0.012549961591404202,-0.1076042198802625,0.07517002703788785,False
Basculegion,Vivillon,19,-0.012602164130115358,-0.08806487849058549,0.060666122166233544,False
Toxapex,Venusaur,11,-0.01262368825411556,-0.0946228411298053,0.057583179513878785,False
Annihilape,Incineroar,40,-0.012683682789612223,-0.07387319219274852,0.03945165209761868,False
Garchomp,Staraptor,297,-0.012720553803182306,-0.08627085002046643,0.05210466372747683,False
Sableye,Torkoal,5,-0.012751053238465926,-0.10934383037177475,0.08436520326100531,False
Aerodactyl,Heat Rotom,36,-0.012845094393448563,-0.10077970682836593,0.0667425494359447,False
Sableye,Tsareena,11,-0.012849301929464567,-0.11237540881725913,0.08473700739905633,False
Clefable,Hydreigon,10,-0.012883611940397307,-0.12112955512227501,0.08216343829342193,False
Abomasnow,Kingambit,5,-0.012942604338142406,-0.12615689018718984,0.09899938520574182,False
Lycanroc Dusk,Swampert,8,-0.012986010104124493,-0.11215183628678936,0.07707590132015352,False
Hydreigon,Scolipede,9,-0.01305824560974933,-0.12553614990077938,0.08585548781485405,False
Meowscarada,Mimikyu,5,-0.01307362160644165,-0.11405607326412286,0.07969451186486613,False
Excadrill,Maushold,7,-0.01308552925477951,-0.10077689284114226,0.06478349523275606,False
Gallade,Tyranitar,10,-0.013105039628740099,-0.11905814092548372,0.08862523587774247,False
Sneasler,Steelix,11,-0.013145983997676103,-0.12078747091907693,0.08844025057462541,False
Gengar,Primarina,6,-0.013162475168909216,-0.13086636134405336,0.09734023892385503,False
Farigiraf,Gardevoir,22,-0.013218527199418522,-0.10843704497696387,0.08358865228891492,False
Blastoise,Pelipper,17,-0.013225602005990522,-0.10227590311047091,0.07255073582698539,False
Bellibolt,Swampert,7,-0.013281580963897659,-0.1142222612691835,0.0823512831668117,False
Sneasler,Talonflame,56,-0.013299423161778044,-0.10756396378094406,0.06937413588720225,False
Kingambit,Venusaur,90,-0.013346748612887658,-0.08668405813170704,0.06261947384725525,False
Pelipper,Weavile,5,-0.013352634706568927,-0.10262894985896232,0.07637626380475578,False
Gardevoir,Hydreigon,5,-0.013387773524974882,-0.11799872764121531,0.08254016638242177,False
Alolan Ninetales,Swampert,5,-0.013389374722614769,-0.11332526512121777,0.0868934444320668,False
Hisuian Arcanine,Hydreigon,7,-0.013453796464908607,-0.11898203466794206,0.08449371465851961,False
Sylveon,Wash Rotom,38,-0.013501210913399371,-0.09663401448749386,0.06445888397974332,False
Dragapult,Metagross,11,-0.013506932720108257,-0.09002643730564087,0.052486947739388855,False
Dragapult,Garchomp,7,-0.013587634735615094,-0.10366161668834244,0.07545118037211461,False
Chandelure,Whimsicott,24,-0.013613464784745295,-0.09951973505576035,0.06298258766938167,False
Aerodactyl,Milotic,26,-0.013736401643966233,-0.10110568561202038,0.06855935332790151,False
Gallade,Kingambit,9,-0.013762715995660693,-0.12589287810657976,0.09730275334849514,False
Metagross,Toxapex,108,-0.013870299994861654,-0.0880020129589175,0.052874825785070606,False
Basculegion ♀,Whimsicott,6,-0.01390029147298919,-0.10174785521868006,0.06487118177225365,False
Gengar,Wash Rotom,9,-0.014009211191736322,-0.11906276020156939,0.09021066332501325,False
Grimmsnarl,Toxapex,108,-0.014030494922537426,-0.12211074850375134,0.0928960242411857,False
Eelektross,Garchomp,73,-0.014088706027762346,-0.10988989871655887,0.06946447074182781,False
Grimmsnarl,Scrafty,11,-0.01409499258945298,-0.11913535547250743,0.08543676419858857,False
Dragonite,Meowscarada,7,-0.014168519025318311,-0.10245908169081895,0.06837916585233654,False
Kingambit,Metagross,61,-0.014178067191062871,-0.0856257625265571,0.060392683155415454,False
Sneasler,Sylveon,81,-0.014210227483418571,-0.09416635040978988,0.06310546004813512,False
Excadrill,Grimmsnarl,22,-0.014260791748024073,-0.11931584019654919,0.09111396813250865,False
Basculegion,Blastoise,30,-0.01426408211401561,-0.09720305452428185,0.051403911493201934,False
Garchomp,Torkoal,40,-0.014313077216919845,-0.10718460987902437,0.06478467968954664,False
Kingambit,Oranguru,8,-0.014331603217994848,-0.12676492209143225,0.09573755956590935,False
Basculegion ♀,Charizard,6,-0.014399746347023193,-0.12121118214708304,0.0872757518610182,False
Basculegion,Sableye,99,-0.014404050347137449,-0.08590210401416404,0.0546560754830631,False
Hisuian Typhlosion,Milotic,7,-0.014457827866284263,-0.10592892286024244,0.07215900166006048,False
Dragalge,Mawile,11,-0.014459090621094309,-0.1219165025750786,0.08634438527195767,False
Politoed,Sinistcha,81,-0.014513237791127238,-0.12072751830052532,0.09168706145730392,False
Meowstic,Torkoal,5,-0.01452218630275851,-0.11505855877327391,0.07562491180451433,False
Annihilape,Staraptor,11,-0.014547748360071833,-0.09758648230169736,0.06118599181521254,False
Ceruledge,Charizard,6,-0.014604677138064624,-0.11905914370177598,0.09032228298238554,False
Basculegion,Swampert,186,-0.014615214803282229,-0.08186396862826037,0.04634140598726974,False
Eternal Flower Floette,Garchomp,588,-0.014624214357277508,-0.09239496485198725,0.054907250864116186,False
Kingambit,Scrafty,25,-0.01464084767099992,-0.10988614798374775,0.07680565415531046,False
Ceruledge,Metagross,29,-0.014666796707479904,-0.08526412598406946,0.049646317717659955,False
Delphox,Sylveon,14,-0.014807564067411919,-0.10145245535633357,0.06431519675687758,False
Charizard,Eelektross,5,-0.014811904240142348,-0.1274969808854681,0.08909743727994106,False
Mawile,Vivillon,10,-0.014911027815004285,-0.11221651025698384,0.07832354935972172,False
Annihilape,Sneasler,11,-0.01492103634285007,-0.11546474582360251,0.08098691772616372,False
Raichu,Swampert,57,-0.015035532899054785,-0.10376960500488228,0.06633843044840254,False
Blastoise,Venusaur,6,-0.015078243584929934,-0.09335636456066473,0.054616715324080294,False
Annihilape,Blastoise,5,-0.015100428513946244,-0.11476946131592863,0.07661486974876885,False
Barbaracle,Gholdengo,5,-0.015171275536058135,-0.13622927704596915,0.09511450074398578,False
Hatterene,Mawile,21,-0.01517427281564922,-0.11361788367365645,0.07511938360662243,False
Eelektross,Sinistcha,43,-0.015232543647267885,-0.13376852293206049,0.09017858671317158,False
Charizard,Vivillon,6,-0.015376297694125936,-0.12404129192282999,0.08699009593905976,False
Raichu,Vivillon,11,-0.015439524261957726,-0.1173259448846071,0.0718909213888009,False
Blaziken,Grimmsnarl,20,-0.015490333257039413,-0.12150910747602067,0.09302295538822253,False
Maushold,Sneasler,76,-0.015516464308237787,-0.1077970403341702,0.07307023531392796,False
Garchomp,Milotic,63,-0.015554430782408844,-0.09911731132886531,0.06041328135906922,False
Kingambit,Vileplume,13,-0.015571454389684094,-0.12785796443190706,0.09561898518361969,False
Archaludon,Sinistcha,705,-0.015599717927735903,-0.10662079921546225,0.08042925754523222,False
Heat Rotom,Sableye,7,-0.015613469471352958,-0.12696023155840824,0.08217703767544932,False
Farigiraf,Heat Rotom,8,-0.01565717925789554,-0.11818940686255827,0.08178208706159741,False
Delphox,Venusaur,13,-0.015661063904271785,-0.09308998952461184,0.052826288983304555,False
Blaziken,Hydreigon,26,-0.01568642987570445,-0.12021505558891239,0.08393762419597668,False
Delphox,Farigiraf,27,-0.015701235989101926,-0.1071704436484714,0.07268516437740218,False
Farigiraf,Froslass,13,-0.01580970830067594,-0.11698635786566364,0.07425330952208573,False
Charizard,Raichu,83,-0.015861080212055633,-0.09957592493509218,0.0638552753313315,False
Mawile,Politoed,18,-0.015879960698697633,-0.11079679789346222,0.08010159335364066,False
Kangaskhan,Primarina,8,-0.015946988249086587,-0.11755080975477566,0.07614737011376557,False
Gardevoir,Pelipper,25,-0.016083962652560374,-0.10935493341687699,0.06966395028459949,False
Mawile,Primarina,20,-0.016135681602550994,-0.11299223299392448,0.07207723607278496,False
Alolan Ninetales,Whimsicott,47,-0.016195762506179837,-0.1000164409079925,0.05512346642695587,False
Froslass,Milotic,17,-0.016223226881160405,-0.11116210293997868,0.06534698297739974,False
Gengar,Staraptor,11,-0.0162505464990338,-0.11315148173700279,0.07219976907874588,False
Hisuian Samurott,Sneasler,12,-0.016269250736573197,-0.12276138221538418,0.08230155188954262,False
Gallade,Sinistcha,8,-0.016375797684668115,-0.12199572722296949,0.09430551698014795,False
Basculegion,Chandelure,5,-0.016422310670959245,-0.09153493348976355,0.05012060917119733,False
Archaludon,Froslass,23,-0.016447831309030034,-0.11120978984896486,0.07552757609627864,False
Incineroar,Mawile,235,-0.016450057801458112,-0.07591578839719611,0.03247720324508691,False
Archaludon,Wash Rotom,5,-0.016588652710372874,-0.11305166840107655,0.07676825189889565,False
Bellibolt,Pelipper,9,-0.016645306432703573,-0.11424992357416221,0.07292053760854031,False
Meowscarada,Raichu,23,-0.01670342773324501,-0.11158628929195288,0.06801805887733955,False
Gyarados,Sylveon,15,-0.016765664837847232,-0.10684323290062094,0.0650078513452103,False
Dragonite,Froslass,16,-0.016773037145147184,-0.1080413267845903,0.06281214248447486,False
Aerodactyl,Staraptor,16,-0.016848283124523567,-0.09422100341760192,0.04800931658756839,False
Glimmora,Sylveon,8,-0.01684832618466465,-0.11083985294427294,0.06393023203518856,False
Charizard,Milotic,51,-0.01687693045033966,-0.10892039351965296,0.07623456862257665,False
Sylveon,Toxapex,10,-0.016940140542311913,-0.1084181244623977,0.06652460968826195,False
Pyroar,Sinistcha,10,-0.016944054521728556,-0.12514251373730698,0.08674235515759579,False
Corviknight,Grimmsnarl,9,-0.017083739207038776,-0.12337176425351938,0.0820981370563723,False
Scovillain,Scrafty,6,-0.01710576493450998,-0.11701016514305973,0.07623256416766698,False
Farigiraf,Primarina,35,-0.017285129088673676,-0.11235303535353429,0.07196861064158828,False
Gholdengo,Hisuian Arcanine,17,-0.017318246883863478,-0.1277859711322189,0.08212490926363114,False
Aerodactyl,Grimmsnarl,22,-0.017333664081473757,-0.116305399994769,0.0735615252433118,False
Sinistcha,Vileplume,5,-0.017386379124661344,-0.1268879756546723,0.08427956097627592,False
Delphox,Grimmsnarl,41,-0.017492506857081848,-0.11734562936257002,0.08061921473733266,False
Scolipede,Sneasler,6,-0.01750399323680361,-0.12466748881812212,0.08560065545234352,False
Chandelure,Charizard,5,-0.017565601321828397,-0.12891150600559012,0.08849083574244108,False
Archaludon,Lycanroc Dusk,12,-0.017741972421645193,-0.11662393277426034,0.08164971878224751,False
Annihilape,Gardevoir,7,-0.01780174744162374,-0.12391798720060304,0.07829333703967742,False
Garchomp,Meganium,8,-0.01782121125133076,-0.10918499668781592,0.06429377960024989,False
Basculegion ♀,Sneasler,7,-0.01785165138448376,-0.11958073617088903,0.0761913442856015,False
Heat Rotom,Sceptile,57,-0.017988673651678385,-0.11047829142517572,0.060579189870701655,False
Sneasler,Torkoal,58,-0.018077663960400565,-0.10568279159354428,0.06526112055839293,False
Charizard,Politoed,5,-0.018174109391728394,-0.13696118103404575,0.0847943739005056,False
Milotic,Torkoal,5,-0.01818652324517475,-0.10970775650718273,0.0657268557598886,False
Meowstic,Sneasler,7,-0.018190725846376425,-0.13187190182004377,0.08266101809196576,False
Eelektross,Hydreigon,5,-0.01819423496981604,-0.13388127440629083,0.08618881183270413,False
Gholdengo,Pyroar,6,-0.01822648206830942,-0.1363251852818696,0.08745137213648682,False
Milotic,Pelipper,7,-0.018264076773627732,-0.1062365492119678,0.06352586420985391,False
Alolan Ninetales,Talonflame,37,-0.018276207984089386,-0.11730180155371576,0.06970105284239145,False
Farigiraf,Glimmora,12,-0.0182958301703753,-0.11735176181686448,0.07248336717873095,False
Grimmsnarl,Primarina,10,-0.018383541152994388,-0.12666783613101687,0.0861554218196825,False
Maushold,Whimsicott,78,-0.01847413606192004,-0.0937341913446736,0.048084326521569895,False
Glimmora,Kingambit,51,-0.018540724463175947,-0.12363768029483217,0.07909411569505606,False
Politoed,Raichu,12,-0.018648855378041382,-0.12122090692470655,0.06828623772886518,False
Hawlucha,Raichu,5,-0.018677431101104806,-0.1211976404780339,0.06498371012174427,False
Ampharos,Sinistcha,12,-0.018827250633132876,-0.14256740345483074,0.09641843240370913,False
Talonflame,Tyranitar,18,-0.018835625128289873,-0.11916697965908236,0.06799778800291192,False
Archaludon,Tyranitar,15,-0.018893834256776328,-0.12739489725404704,0.08507990740054147,False
Charizard,Gardevoir,16,-0.01892968509175725,-0.12321613709908505,0.07867724475494434,False
Basculegion,Sinistcha,315,-0.018937300947877156,-0.09484008164655276,0.04485515973549877,False
Dragalge,Scrafty,5,-0.018997121770668833,-0.12901562111941084,0.07087032037972482,False
Pelipper,Primarina,13,-0.01903863546831547,-0.11521570427424373,0.0708824174066929,False
Hisuian Samurott,Sinistcha,14,-0.019351663302588463,-0.1267140168028327,0.08739152419455613,False
Hisuian Zoroark,Sinistcha,9,-0.019520964933967717,-0.13291084873820913,0.08926967742967573,False
Raichu,Sneasler,97,-0.01955821627619443,-0.10715037284658056,0.06486165530428595,False
Sneasler,Swampert,140,-0.01960198284663729,-0.10884303582124116,0.07206079510170439,False
Scovillain,Talonflame,6,-0.019674902762664044,-0.12596779503418512,0.06991625686662087,False
Farigiraf,Floette,16,-0.019737666270055944,-0.11484681613105217,0.06786541781447626,False
Pyroar,Sableye,9,-0.019738874228568105,-0.1295079667424839,0.08279249969867884,False
Froslass,Sableye,11,-0.01974593654418275,-0.12402252287627362,0.07727317564690755,False
Raichu,Tyranitar,20,-0.01980206028909387,-0.11309407340329483,0.06538998617985159,False
Sneasler,Staraptor,52,-0.01999962009657923,-0.1121049580227317,0.059861361382030936,False
Kangaskhan,Sinistcha,29,-0.02000000249714113,-0.12287803958044047,0.08301251517388666,False
Hydreigon,Talonflame,16,-0.020192281315815522,-0.12431387129001908,0.07125651587011707,False
Hisuian Samurott,Raichu,6,-0.020358089930370974,-0.12607376760011188,0.06696887778615244,False
Gholdengo,Sylveon,48,-0.02038620067536302,-0.11356087984898389,0.06428287753817544,False
Kingambit,Maushold,54,-0.02042097988209937,-0.11353279224984644,0.06845390427120066,False
Delphox,Sneasler,277,-0.020438292374285672,-0.11402431549140087,0.05654135610278243,False
Aerodactyl,Chandelure,13,-0.0205479599829949,-0.1170949009587175,0.06426810003866666,False
Ceruledge,Hydreigon,14,-0.02062011559828802,-0.12388629000068774,0.07454827366410376,False
Archaludon,Tsareena,12,-0.02064564246029974,-0.12387636515172076,0.0742351030261554,False
Garchomp,Mimikyu,6,-0.020649698876068254,-0.11921142548378917,0.06762329973401841,False
Annihilape,Gholdengo,20,-0.020653329626980056,-0.13266456408356456,0.08086494694163296,False
Annihilape,Delphox,23,-0.020739000238892084,-0.12036554215967497,0.06474602390187166,False
Dragapult,Pelipper,7,-0.020760951020755772,-0.12080298724134916,0.06885853549915255,False
Gengar,Mawile,7,-0.020967967575590975,-0.13190952728768943,0.0846428999581843,False
Ceruledge,Sylveon,12,-0.021062615746783545,-0.10966677852351747,0.05842533224889028,False
Sinistcha,Venusaur,54,-0.021084377342211278,-0.10465365195874073,0.05447673547864949,False
Archaludon,Basculegion,286,-0.02111825525801865,-0.09034124925301115,0.040866147555091506,False
Kommo-o,Sneasler,14,-0.021158959025016414,-0.12863088946549503,0.0815877536452834,False
Grimmsnarl,Hisuian Arcanine,7,-0.021182120814897117,-0.13708072156719275,0.08483480135176616,False
Dragonite,Gholdengo,22,-0.02126804457269067,-0.12766180097150237,0.06694948058264129,False
Blaziken,Mawile,5,-0.021303553436185327,-0.1229304333053905,0.07058097018599936,False
Blaziken,Kangaskhan,5,-0.021424254907772267,-0.12600329374400793,0.07504049440762679,False
Grimmsnarl,Mawile,29,-0.021479396568970528,-0.1168994528616114,0.07437479953618487,False
Basculegion,Delphox,83,-0.02148428468768442,-0.09530133090689286,0.03980065369011801,False
Raichu,Scovillain,8,-0.021638900964872837,-0.12674372486927954,0.06677199455771299,False
Alolan Ninetales,Mawile,7,-0.021712165432746802,-0.11850065643954434,0.06589183748586212,False
Mawile,Milotic,47,-0.021718428011805468,-0.11148291407371405,0.05819819918234405,False
Garchomp,Hisuian Arcanine,28,-0.021745199475724702,-0.11966541034652572,0.06169350790422651,False
Maushold,Milotic,10,-0.021758236204389877,-0.11119525971252299,0.056908276242933646,False
Farigiraf,Gyarados,12,-0.022012823779965336,-0.12052376610789646,0.0704071828851414,False
Maushold,Sinistcha,130,-0.022044880952011407,-0.11435468811921852,0.06388947570459623,False
Aerodactyl,Glimmora,5,-0.022078670777539545,-0.12054251606181664,0.05935930556204661,False
Eelektross,Mamoswine,7,-0.022162645206853408,-0.1349265092316126,0.07467771873692428,False
Dragalge,Sinistcha,33,-0.022172805921724117,-0.14189628359257658,0.08473470098914397,False
Eelektross,Tyranitar,5,-0.022219360199176523,-0.13452620745094837,0.0778838825341098,False
Dragapult,Sylveon,5,-0.022308242816957168,-0.12013490255750033,0.061315647110988476,False
Gholdengo,Meganium,11,-0.022353442964476257,-0.13412536045139942,0.07714653314523463,False
Glimmora,Sneasler,20,-0.022433626995912732,-0.12777321787189855,0.0694680179596468,False
Gardevoir,Grimmsnarl,9,-0.022450075752712514,-0.1315737097827916,0.07966796204761757,False
Greninja,Sneasler,7,-0.022473959334106997,-0.12550999150869102,0.06990762160230796,False
Torkoal,Tyranitar,15,-0.022643403466498038,-0.1207173550942055,0.06651195229529529,False
Charizard,Kingambit,925,-0.022674038531769528,-0.09200978343463072,0.0466865871589242,False
Sneasler,Vivillon,9,-0.02272712823223044,-0.12438058995110218,0.077262549388794,False
Clefable,Grimmsnarl,7,-0.022801161286426605,-0.13135374460152358,0.07623981426098153,False
Mawile,Swampert,89,-0.022815497147634044,-0.11815145847015585,0.05978167161833475,False
Bellibolt,Grimmsnarl,5,-0.02284337198702886,-0.14041033221352062,0.08490152356146717,False
Eelektross,Pelipper,19,-0.02289853784741609,-0.12642730196088578,0.06729725074665077,False
Gholdengo,Talonflame,41,-0.023004918141833405,-0.12797555740383634,0.06709766580195221,False
Charizard,Dragonite,34,-0.023116838191511214,-0.1250175025892362,0.06526467272220592,False
Blaziken,Garchomp,43,-0.023175953422763556,-0.11177478938636368,0.05981474774928304,False
Metagross,Sinistcha,386,-0.023254395961656613,-0.09971425849298296,0.04978256272668815,False
Steelix,Tyranitar,14,-0.02357341619120163,-0.1370226403852577,0.07215077235317706,False
Scrafty,Sinistcha,39,-0.023683393940773692,-0.11810250971488588,0.06760381819445105,False
Farigiraf,Ninetales,89,-0.023743921572451407,-0.13341682749501038,0.07171573872314227,False
Hawlucha,Sinistcha,18,-0.0238271327317113,-0.1386078462414012,0.07723007590886824,False
Raichu,Wash Rotom,12,-0.023959564232067798,-0.11284115239596805,0.052517803226396174,False
Ceruledge,Farigiraf,12,-0.024020245129654887,-0.12434559467485112,0.06992957851223106,False
Dragonite,Hydreigon,7,-0.024141790147108537,-0.12434713064236243,0.06340140345384672,False
Sableye,Swampert,256,-0.024170286792202837,-0.12052916406719985,0.05780740216480245,False
Basculegion,Ninetales,83,-0.024201370704549773,-0.10064480295506671,0.039921960466017786,False
Malamar,Sinistcha,10,-0.024274270065264007,-0.1415161952621057,0.08555872296141878,False
Kommo-o,Tyranitar,11,-0.024363255189295795,-0.13209367178143097,0.07417262418645693,False
Archaludon,Eelektross,6,-0.024530176574561344,-0.14886505038719064,0.0812883564416885,False
Aerodactyl,Scovillain,13,-0.024610768895773544,-0.12145571920704708,0.06153725973411973,False
Froslass,Glimmora,24,-0.02474330633376251,-0.12473164560119512,0.057222211496960475,False
Gholdengo,Sableye,34,-0.02480401766936973,-0.1376230133203673,0.08004362248259433,False
Farigiraf,Gengar,9,-0.024808917705074693,-0.13812336922663682,0.07912569098594166,False
Annihilape,Eternal Flower Floette,17,-0.02504054831652323,-0.1288993575442298,0.07437713157740944,False
Heat Rotom,Raichu,10,-0.02515419150664218,-0.12119753564920137,0.05453631331947899,False
Gholdengo,Hisuian Zoroark,8,-0.02537464280777758,-0.1425099189287066,0.07466546670590726,False
Gengar,Sneasler,35,-0.025376744214645086,-0.11864729039480243,0.0708000442487036,False
Blastoise,Grimmsnarl,11,-0.025696557357465934,-0.13966590584916727,0.07530184288952314,False
Chandelure,Sylveon,7,-0.02571400938964038,-0.12212090021702693,0.0596110228007363,False
Hydreigon,Primarina,9,-0.025724930878505983,-0.13182237359956456,0.06916024594007242,False
Sableye,Whimsicott,16,-0.02589910150985263,-0.11062313033958038,0.05000352796753849,False
Scrafty,Snorlax,15,-0.025970095160646727,-0.13063469868866365,0.06353297739700699,False
Kommo-o,Sinistcha,19,-0.02617876437887867,-0.13743858351105573,0.07774447929485852,False
Blaziken,Scrafty,9,-0.026333802431314637,-0.12240961217184607,0.05717633302148203,False
Maushold,Scovillain,10,-0.026401239218428022,-0.13344925389134235,0.06126252108670639,False
Greninja,Kingambit,5,-0.026493527649770355,-0.14039775335782395,0.0795789768097348,False
Milotic,Sylveon,26,-0.02649833399576367,-0.11198519848311367,0.0497049793104164,False
Hisuian Zoroark,Sneasler,9,-0.026506246222235488,-0.13018924529323994,0.06713842919396598,False
Gengar,Milotic,6,-0.02662248281536785,-0.142157649908076,0.07530354227264567,False
Blastoise,Vivillon,20,-0.026630264415528692,-0.13045397365943903,0.06266241308175242,False
Garchomp,Sinistcha,375,-0.026737603957616058,-0.09917241987488983,0.04264545501366826,False
Grimmsnarl,Pyroar,15,-0.026748245186234355,-0.14145327719666587,0.08386834378161384,False
Aerodactyl,Archaludon,27,-0.026786098572805388,-0.12581864363703218,0.06122138811948607,False
Grimmsnarl,Raichu,75,-0.02687730891122082,-0.12554669418985934,0.05868801982980193,False
Farigiraf,Hatterene,35,-0.027133734939504953,-0.1324070677623508,0.06607764194335351,False
Sableye,Sneasler,55,-0.027292558883274226,-0.12820773640122135,0.06298009922465982,False
Gengar,Raichu,13,-0.027300227138349013,-0.14617463867528746,0.06653424178140639,False
Eternal Flower Floette,Pelipper,76,-0.027490952142471284,-0.11793414010543961,0.06176356260689522,False
Pelipper,Sableye,272,-0.02754497280623341,-0.11864912745886469,0.05488271797289681,False
Blaziken,Torkoal,68,-0.027675069442908012,-0.12053915045410382,0.054784876563167405,False
Kangaskhan,Kingambit,38,-0.027675738559888776,-0.13379864188689827,0.07184470642202596,False
Basculegion,Gengar,36,-0.027823555471542624,-0.1118344892948645,0.043601827335280514,False
Grimmsnarl,Tyranitar,49,-0.027972858649511524,-0.12824900093622568,0.07712887164598678,False
Aerodactyl,Gholdengo,53,-0.028027270190470858,-0.12578190717267543,0.05787695106958289,False
Swampert,Whimsicott,42,-0.028055250944761367,-0.1078082344001071,0.04522699980858387,False
Dragonite,Garchomp,42,-0.028242307769393675,-0.12006400616183119,0.04661276010543905,False
Hydreigon,Raichu,20,-0.02864491030569724,-0.13110412008908714,0.057498721667206286,False
Mawile,Mimikyu,5,-0.02876013506538584,-0.1344015043656502,0.05891369550083753,False
Hatterene,Torkoal,32,-0.028857412939568484,-0.131400845713248,0.05278918123360239,False
Annihilape,Ceruledge,9,-0.02893598561538312,-0.1332766279452834,0.05852336420067591,False
Espathra,Eternal Flower Floette,5,-0.02893639394279793,-0.14850580821984635,0.07143384483879114,False
Ceruledge,Vivillon,6,-0.02937050787359308,-0.13852081855606768,0.06640125629247613,False
Farigiraf,Wash Rotom,29,-0.02956340863568487,-0.12263047856935484,0.053298721117687964,False
Dragalge,Garchomp,6,-0.029631217181419554,-0.137986613158448,0.060725816804773694,False
Hisuian Typhlosion,Sinistcha,15,-0.029729909998869913,-0.14364700241903938,0.07278924084136448,False
Annihilape,Milotic,13,-0.02976402270489402,-0.12741912091869614,0.054932641726134844,False
Aerodactyl,Blaziken,101,-0.029796555365201868,-0.11949779141470068,0.049769608475721296,False
Froslass,Raichu,22,-0.029845265165854534,-0.12660110778516254,0.04989238084631397,False
Archaludon,Ceruledge,5,-0.029891659855278575,-0.14431096912503938,0.07034885879898357,False
Aerodactyl,Sableye,17,-0.0299173748143527,-0.12558620539850965,0.056358049088694406,False
Sableye,Scrafty,9,-0.030404846183159324,-0.13930494026652918,0.059842937081340794,False
Aerodactyl,Alolan Ninetales,51,-0.03043203800024912,-0.11930632794904103,0.04244893430626309,False
Aerodactyl,Tyranitar,14,-0.030464996433877668,-0.12984234657482174,0.052436045546848796,False
Ninetales,Whimsicott,96,-0.030497429015587683,-0.11658830892987312,0.044380445528586034,False
Gholdengo,Maushold,54,-0.03051168814119508,-0.13713007213690095,0.06368154834415189,False
Farigiraf,Milotic,19,-0.030835354151511774,-0.12428660717651564,0.056976154745151615,False
Garchomp,Primarina,35,-0.031153711043009978,-0.12116283005693118,0.04657089028733529,False
Alolan Ninetales,Scrafty,29,-0.03139992839438263,-0.12620619954662016,0.04904497011108873,False
Maushold,Tyranitar,12,-0.031550577061535336,-0.13234869399179755,0.0550468377924647,False
Delphox,Vivillon,11,-0.031571072063473676,-0.146267558291871,0.05433059378206958,False
Aerodactyl,Delphox,18,-0.031626777992251866,-0.1295191975038626,0.048744219894398554,False
Gholdengo,Torkoal,10,-0.0317359261799662,-0.13560414476180616,0.06295139256535406,False
Chandelure,Farigiraf,14,-0.032259283597638445,-0.14410827969382,0.06113060164743429,False
Charizard,Primarina,9,-0.03230399991218377,-0.14251748870366707,0.060034787418370886,False
Pelipper,Tyranitar,16,-0.03242325970202064,-0.13380853784419705,0.05546448357909875,False
Hisuian Zoroark,Kingambit,12,-0.032696508537724336,-0.1494549517378209,0.06888754677576134,False
Alolan Ninetales,Pelipper,10,-0.032727700830478205,-0.13224682604437446,0.05540564038260731,False
Basculegion,Politoed,26,-0.032740409014933865,-0.1212008923484028,0.03378388445250099,False
Farigiraf,Sableye,24,-0.03307912549907524,-0.13747500923952566,0.06338406546168307,False
Swampert,Tyranitar,10,-0.033300504125960737,-0.13897516357120823,0.057646751365800004,False
Gengar,Sinistcha,73,-0.03357942621216008,-0.14393412408662412,0.06970060848472111,False
Azumarill,Politoed,10,-0.0340697755412656,-0.15801397223054503,0.07027259840208437,False
Barbaracle,Sinistcha,7,-0.03419755382025963,-0.15177033360742986,0.06867009157263712,False
Eelektross,Gholdengo,28,-0.03423783020172109,-0.15649320142845027,0.063699764123379,False
Vivillon,Whimsicott,6,-0.03447793864809151,-0.12359677282440683,0.04618291144626622,False
Blaziken,Pelipper,5,-0.03473148134432203,-0.13767906031971247,0.054281820722436945,False
Alolan Ninetales,Hydreigon,19,-0.03475782829569705,-0.13954065718287115,0.05824115400151084,False
Gholdengo,Kommo-o,5,-0.035182616026363904,-0.15473226863850367,0.06902382822714848,False
Ceruledge,Pelipper,5,-0.035454429855516445,-0.13475317549664817,0.04542901273606723,False
Annihilape,Sableye,7,-0.03579459037314358,-0.15022830109563595,0.06429345782542749,False
Archaludon,Mawile,83,-0.03587758447518306,-0.1403631730017834,0.05523348142088288,False
Eternal Flower Floette,Ninetales,59,-0.03590587310388187,-0.14658614226437802,0.06361664829747182,False
Sinistcha,Vivillon,14,-0.035941815090470904,-0.15214245199448426,0.06692637705271584,False
Annihilape,Scovillain,12,-0.03617427949215402,-0.15286362510926224,0.0620377555047642,False
Gengar,Scrafty,28,-0.036503293474462836,-0.16067211441665588,0.062113617923527834,False
Mawile,Sinistcha,205,-0.03713714617842979,-0.13237431926689297,0.04371942713546339,False
Kingambit,Kommo-o,13,-0.03763064393462024,-0.15607879596010707,0.07013973673434674,False
Hydreigon,Sinistcha,62,-0.03811839385922987,-0.14658808507935614,0.05795471711342303,False
Sylveon,Tyranitar,49,-0.03825205480647474,-0.13345776013486724,0.04623774608622973,False
Grimmsnarl,Sneasler,143,-0.038492616429306785,-0.12270667939512264,0.04817071272407261,False
Politoed,Sneasler,28,-0.038698638363133565,-0.14565227577785048,0.059469344211840004,False
Eelektross,Grimmsnarl,33,-0.03889035279486506,-0.1605496584488799,0.06642212009666305,False
Charizard,Mimikyu,6,-0.03891181040404462,-0.15766753497705777,0.06174169381302177,False
Politoed,Whimsicott,10,-0.038978776122457696,-0.13582566940726074,0.0354023852488894,False
Ninetales,Pyroar,105,-0.03930693816625895,-0.1542712079386192,0.04855682550824001,False
Dragalge,Kingambit,6,-0.039906605446443914,-0.1610967552722082,0.0718485680456717,False
Archaludon,Whimsicott,49,-0.04072495517854392,-0.1219089055009178,0.03599229046601801,False
Kingambit,Torkoal,155,-0.0408752941074297,-0.1344455790799896,0.04480438486298931,False
Grimmsnarl,Whimsicott,65,-0.04094939814523741,-0.12737128937168202,0.03648165948999644,False
Scovillain,Sylveon,28,-0.04163647709500939,-0.13973051285191426,0.03937752368571589,False
Annihilape,Tyranitar,13,-0.04166597339137615,-0.15447037971030372,0.05191396532829064,False
Farigiraf,Sneasler,118,-0.0419506614012542,-0.1334406341261324,0.03798803766840751,False
Ceruledge,Grimmsnarl,11,-0.042234529626335726,-0.15041059269915483,0.0560261389913509,False
Kingambit,Politoed,7,-0.04275072078540647,-0.1534175090420519,0.06395758125475522,False
Eternal Flower Floette,Maushold,58,-0.04284984143764988,-0.14852334443631107,0.04266510670563291,False
Dragalge,Gholdengo,12,-0.043026715593998066,-0.17246280678494857,0.06422280749846726,False
Grimmsnarl,Sinistcha,589,-0.04331599780925432,-0.11849057093351045,0.02924828941092295,False
Kingambit,Vivillon,15,-0.04379065752825197,-0.15470651500940244,0.05666705580771841,False
Annihilape,Blaziken,6,-0.04464288108482337,-0.16160453821059875,0.05355826888291502,False
Sinistcha,Torkoal,52,-0.044727512352748314,-0.14538036687938719,0.043109782031613614,False
Farigiraf,Gholdengo,41,-0.04482419299591928,-0.15436823391195675,0.049272311942397555,False
Alolan Ninetales,Garchomp,92,-0.045079564148241075,-0.1349787683807583,0.032246711824086095,False
Garchomp,Raichu,254,-0.04517679883736358,-0.13082954236432495,0.020333025831766934,False
Alolan Ninetales,Annihilape,15,-0.04658363013037739,-0.16240479033061428,0.04552036153478036,False
Eternal Flower Floette,Vivillon,12,-0.046607807847726564,-0.15621845541900473,0.05236224132726971,False
Charizard,Gengar,16,-0.046709469563817725,-0.17333510441611133,0.056235314560614744,False
Charizard,Sinistcha,140,-0.04681242357007216,-0.13437032786756706,0.038662880967004834,False
Alolan Ninetales,Sylveon,37,-0.04682022555801114,-0.13353662970753688,0.029759094727363888,False
Eternal Flower Floette,Swampert,69,-0.04775473106916579,-0.14374383180750822,0.03986135555978981,False
Annihilape,Kingambit,22,-0.0480522050411378,-0.15005206535138302,0.05606885916906522,False
Sinistcha,Swampert,669,-0.04908836299859603,-0.14730717763858484,0.036686449445766545,False
Mawile,Sableye,28,-0.04946422097945249,-0.15348770600195713,0.03536333288424536,False
Farigiraf,Tyranitar,41,-0.04992169243593361,-0.1548410903574317,0.04055440137911577,False
Sableye,Sylveon,24,-0.050208466764929974,-0.15131006727713195,0.030822237529182676,False
Farigiraf,Snorlax,8,-0.050535234044113676,-0.17131287919334487,0.04740073576870721,False
Farigiraf,Scovillain,14,-0.05109584733127193,-0.16272328805807812,0.04304771063717254,False
Aerodactyl,Sinistcha,88,-0.05150026081709701,-0.1495130203733108,0.030126609469608257,False
Kingambit,Swampert,53,-0.051753394718159866,-0.14826796058001748,0.0405666049517823,False
Archaludon,Eternal Flower Floette,68,-0.05177468892043606,-0.15083895599198435,0.04292144850519109,False
Gengar,Kingambit,54,-0.052280728056710225,-0.15937290279821242,0.0458181706262445,False
Garchomp,Sableye,30,-0.05462522236461366,-0.15339214648466848,0.02849067029300046,False
Kingambit,Sylveon,655,-0.05511048136808718,-0.12943026762316076,0.016779994059746377,False
Hydreigon,Sableye,10,-0.05560505239699484,-0.17797446112920853,0.040847725794301154,False
Blaziken,Sylveon,113,-0.05722677142990642,-0.1428407951706853,0.018401808524527274,False
Azumarill,Gengar,12,-0.058074126354506886,-0.21056297899111812,0.05704642084680858,False
Kingambit,Pelipper,70,-0.05931622662499336,-0.15588308164670406,0.027548104217414618,False
Gengar,Whimsicott,23,-0.05998378834469161,-0.16583084687196745,0.022968166380046853,False
Charizard,Sableye,8,-0.06003179660718649,-0.17625662110729287,0.03433223405545665,False
Pelipper,Sinistcha,739,-0.06089035614345015,-0.15159510485412137,0.018785543836307438,False
Gholdengo,Raichu,144,-0.060896150011274866,-0.1733647782066208,0.022558918387983084,False
Alolan Ninetales,Farigiraf,25,-0.06186596695072209,-0.1627518420049462,0.02254858947918554,False
Sinistcha,Sylveon,126,-0.06239079424767862,-0.14598284403739115,0.014342095667610159,False
Annihilape,Sinistcha,55,-0.06778018147618775,-0.18207846085876173,0.02973085681541728,False
Farigiraf,Sinistcha,159,-0.06826664267419144,-0.15300000249398513,0.010562958774477266,False
Eternal Flower Floette,Grimmsnarl,134,-0.0690206040100637,-0.16772698651103515,0.020351309986666965,False
Blaziken,Farigiraf,59,-0.07098559156111252,-0.17952376309499965,0.013723568836729544,False
Archaludon,Sneasler,143,-0.07116290496770707,-0.1808166429246819,0.015720171692620567,False
Farigiraf,Kingambit,504,-0.07123778352259931,-0.15328677727064238,0.003478520989683697,False
Alolan Ninetales,Charizard,21,-0.0717600015954544,-0.19351259916268,0.021479503880386858,False
Eternal Flower Floette,Gengar,5,-0.0773748615691132,-0.20867378348597596,0.027254308513624884,False
Archaludon,Kingambit,56,-0.08053244842658636,-0.1921608236083071,0.01378749209216715,False
Grimmsnarl,Kingambit,65,-0.08093242124868531,-0.18130362894051014,0.007951604958241567,False
